ImageId,Width,Height,PredictionString
n01440764_10048,400,300,n01440764 41 142 256 271
n01440764_18,375,500,n01440764 1 198 317 352
n01440764_5781,500,375,n01440764 111 182 450 356
n01440764_4903,500,375,n01440764 201 222 403 325
n01440764_11018,375,500,n01440764 38 222 258 310
n01440764_11830,500,375,n01440764 21 233 378 372
n01440764_4409,354,500,n01440764 3 303 346 486
n01440764_11974,500,375,n01440764 99 86 466 249
n01440764_1313,500,334,n01440764 37 106 443 328
n01440764_6021,500,333,n01440764 151 64 449 223
n01440764_7253,500,500,n01440764 57 165 451 390
n01440764_866,500,375,n01440764 188 185 468 292
n01440764_575,500,375,n01440764 47 90 494 298
n01440764_3269,500,334,n01440764 103 159 319 281
n01440764_7719,1024,769,n01440764 148 448 821 697
n01440764_9135,500,375,n01440764 202 254 379 329
n01440764_9020,400,267,n01440764 53 144 307 259
n01440764_5848,412,188,n01440764 1 9 404 187
n01440764_7677,200,149,n01440764 44 78 141 131
n01440764_9898,100,100,n01440764 27 19 91 53
n01440764_14771,500,375,n01440764 72 201 415 341
n01440764_14342,500,375,n01440764 87 236 406 371
n01440764_2298,500,375,n01440764 10 138 402 350
n01440764_11723,500,375,n01440764 120 182 300 261
n01440764_3421,500,375,n01440764 169 270 312 328
n01440764_5869,375,500,n01440764 141 300 305 371
n01440764_3281,500,333,n01440764 88 28 433 286
n01440764_11211,250,187,n01440764 31 61 230 180
n01440764_12468,432,324,n01440764 81 122 298 226
n01440764_11339,500,377,n01440764 54 137 499 360
n01440764_2751,500,375,n01440764 1 125 481 265
n01440764_7792,490,500,n01440764 177 288 392 372
n01440764_2945,500,281,n01440764 29 12 481 242
n01440764_3368,500,375,n01440764 107 122 384 230
n01440764_9563,500,339,n01440764 144 211 373 329
n01440764_12534,210,250,n01440764 20 113 195 212
n01440764_4279,500,375,n01440764 154 186 339 273
n01440764_5087,459,275,n01440764 62 0 438 175 n01440764 19 135 413 274
n01440764_12157,640,480,n01440764 1 169 583 463
n01440764_11424,375,500,n01440764 151 337 262 402
n01440764_14907,500,333,n01440764 156 139 353 234
n01440764_10040,500,375,n01440764 64 103 369 277
n01440764_4913,500,375,n01440764 145 157 393 287
n01440764_1245,396,281,n01440764 43 102 357 240
n01440764_3778,500,375,n01440764 40 110 463 300
n01440764_5339,500,375,n01440764 0 184 421 369
n01440764_3648,500,281,n01440764 11 39 417 267
n01440764_6190,500,375,n01440764 14 121 499 263
n01440764_2628,500,375,n01440764 66 69 499 374
n01440764_2939,500,455,n01440764 187 208 453 297
n01440764_4540,500,375,n01440764 56 144 460 245
n01440764_1793,500,375,n01440764 10 139 422 328
n01440764_2159,360,270,n01440764 15 67 340 246
n01440764_4005,500,428,n01440764 46 201 390 352
n01440764_10592,182,272,n01440764 10 186 157 251
n01440764_3712,500,333,n01440764 143 113 325 208
n01440764_25148,500,375,n01440764 78 142 420 362
n01440764_11734,340,255,n01440764 143 106 237 149
n01440764_137,500,334,n01440764 10 97 438 289
n01440764_3199,288,320,n01440764 30 166 283 291
n01440764_10365,260,275,n01440764 14 131 256 254
n01440764_1091,500,375,n01440764 81 109 499 374
n01440764_490,500,348,n01440764 173 0 492 333
n01440764_26698,375,500,n01440764 1 280 321 411
n01440764_3781,500,375,n01440764 107 162 400 337
n01440764_6751,500,375,n01440764 169 231 366 305
n01440764_2043,400,267,n01440764 61 63 338 218
n01440764_11570,500,333,n01440764 186 112 414 282
n01440764_3428,500,333,n01440764 148 109 499 302 n01440764 2 0 315 269
n01440764_14650,500,375,n01440764 67 214 401 336
n01440764_7963,200,150,n01440764 24 84 156 134
n01440764_9533,500,377,n01440764 25 161 476 376
n01440764_5647,500,375,n01440764 106 142 321 230
n01440764_519,500,333,n01440764 65 80 499 320 n01440764 28 117 208 243
n01440764_7272,500,375,n01440764 64 209 345 333
n01440764_13344,500,375,n01440764 155 143 396 270
n01440764_4360,500,375,n01440764 135 184 468 317
n01440764_2098,500,375,n01440764 37 92 377 235
n01440764_4565,500,375,n01440764 210 197 403 283
n01440764_3815,625,469,n01440764 31 182 558 467
n01440764_2433,500,374,n01440764 156 115 499 365
n01440764_5628,500,375,n01440764 156 138 323 232 n01440764 0 118 79 182
n01440764_315,500,375,n01440764 5 120 409 281
n01440764_13770,500,375,n01440764 74 196 411 373
n01440764_505,500,381,n01440764 109 219 367 372
n01440764_14779,500,375,n01440764 0 0 373 333
n01440764_7304,1024,768,n01440764 105 384 949 737
n01440764_5579,500,375,n01440764 74 83 465 254
n01440764_5361,500,334,n01440764 160 194 399 311
n01440764_5549,500,375,n01440764 73 165 357 318
n01440764_886,500,391,n01440764 35 56 388 244
n01440764_10667,400,300,n01440764 44 107 312 246
n01440764_10342,500,234,n01440764 61 85 403 196
n01440764_9463,500,375,n01440764 129 154 441 291
n01440764_297,100,70,n01440764 1 15 96 69
n01440764_96,500,375,n01440764 34 128 430 305
n01440764_451,500,250,n01440764 19 15 467 209
n01440764_6570,500,337,n01440764 124 6 498 333
n01440764_11593,500,375,n01440764 57 212 356 345
n01440764_13489,500,333,n01440764 207 185 440 318
n01440764_7362,500,375,n01440764 76 101 392 222
n01440764_6130,120,89,n01440764 7 34 90 69
n01440764_6543,400,300,n01440764 74 109 354 228
n01440764_31679,500,375,n01440764 28 70 460 258
n01440764_7846,500,375,n01440764 125 170 395 317
n01440764_7302,500,333,n01440764 93 157 343 276
n01440764_3236,500,375,n01440764 184 225 418 340
n01440764_2546,500,375,n01440764 90 146 477 374
n01440764_7210,500,418,n01440764 21 197 367 379
n01440764_14310,500,375,n01440764 88 157 370 284
n01440764_6425,500,375,n01440764 29 90 466 265
n01440764_10569,355,168,n01440764 2 2 352 165
n01440764_12689,500,379,n01440764 4 64 380 325
n01440764_2853,500,316,n01440764 123 183 325 235
n01440764_13679,500,381,n01440764 70 139 454 359
n01440764_4979,500,375,n01440764 191 206 343 323
n01440764_3251,500,374,n01440764 171 176 499 324
n01440764_9315,500,377,n01440764 33 117 482 289
n01440764_3614,500,375,n01440764 108 212 327 318
n01440764_2490,375,500,n01440764 90 292 256 350 n01440764 112 351 245 426 n01440764 203 390 307 430
n01440764_827,500,375,n01440764 26 160 462 357
n01440764_2001,500,375,n01440764 46 135 418 300
n01440764_12898,500,375,n01440764 65 75 458 269
n01440764_28293,500,375,n01440764 23 141 460 338
n01440764_762,375,500,n01440764 115 270 275 347
n01440764_1827,500,375,n01440764 89 147 476 348
n01440764_4167,500,375,n01440764 49 174 411 374
n01440764_30782,500,375,n01440764 125 3 498 373
n01440764_190,80,60,n01440764 10 27 68 58
n01440764_8246,480,360,n01440764 0 153 398 335
n01440764_2314,500,274,n01440764 49 37 481 253
n01440764_7715,500,375,n01440764 0 70 427 374
n01440764_12100,500,375,n01440764 33 78 456 286
n01440764_8885,334,500,n01440764 95 245 285 381
n01440764_13133,500,375,n01440764 101 185 317 303
n01440764_2921,500,264,n01440764 30 41 475 231
n01440764_2708,2816,2112,n01440764 37 512 2563 1412
n01440764_13766,500,334,n01440764 17 115 369 236
n01440764_9442,220,140,n01440764 6 52 219 139
n01440764_13161,500,375,n01440764 140 69 476 294
n01440764_898,500,253,n01440764 15 27 464 215
n01440764_14274,500,375,n01440764 181 176 304 235
n01440764_105,500,375,n01440764 43 88 499 295
n01440764_8312,400,300,n01440764 27 153 379 297
n01440764_1735,500,375,n01440764 25 131 467 252
n01440764_11534,500,375,n01440764 111 97 445 303
n01440764_20299,500,375,n01440764 7 86 474 333
n01440764_8801,425,425,n01440764 36 264 383 423
n01440764_7501,500,375,n01440764 160 209 379 322
n01440764_292,500,375,n01440764 0 167 338 310 n01440764 52 100 399 202 n01440764 212 127 392 189 n01440764 284 149 444 339
n01440764_3546,500,375,n01440764 0 57 442 347
n01440764_9428,390,362,n01440764 16 91 355 302
n01440764_39,500,334,n01440764 87 108 433 306
n01440764_8240,500,375,n01440764 26 40 452 254
n01440764_8689,500,375,n01440764 117 82 499 335
n01440764_3997,500,375,n01440764 13 40 494 263
n01440764_2920,270,137,n01440764 2 0 269 131
n01440764_5112,100,88,n01440764 3 50 90 79 n01440764 10 24 73 59
n01440764_7632,700,467,n01440764 148 182 611 416
n01440764_16192,500,375,n01440764 46 100 432 236
n01440764_12308,350,281,n01440764 184 204 239 262 n01440764 82 112 185 149 n01440764 82 208 168 240 n01440764 212 205 308 244 n01440764 120 229 206 270
n01440764_7457,500,400,n01440764 0 153 499 378
n01440764_3760,352,288,n01440764 59 87 264 198
n01440764_11816,500,375,n01440764 49 87 477 262
n01440764_8082,500,375,n01440764 34 114 420 258
n01440764_522,500,375,n01440764 0 207 280 336
n01440764_2221,500,375,n01440764 109 183 452 340
n01440764_14405,500,375,n01440764 91 171 489 335
n01440764_438,334,500,n01440764 42 231 310 361
n01440764_10548,500,375,n01440764 114 125 444 267
n01440764_14685,500,377,n01440764 72 133 424 336
n01440764_4613,500,375,n01440764 3 111 485 311
n01440764_529,500,334,n01440764 41 140 401 321
n01440764_769,500,375,n01440764 170 171 320 237
n01440764_6878,500,333,n01440764 58 196 352 332
n01440764_9890,500,375,n01440764 119 56 352 163
n01440764_26659,500,375,n01440764 113 123 349 240
n01440764_10514,640,480,n01440764 57 113 563 341
n01440764_11987,500,375,n01440764 0 25 499 374
n01440764_9292,500,375,n01440764 222 176 356 310
n01440764_8601,500,375,n01440764 81 157 291 241
n01440764_4942,320,240,n01440764 21 121 294 239
n01440764_7499,500,333,n01440764 14 59 492 305
n01440764_6301,500,375,n01440764 180 268 380 373
n01440764_8442,270,320,n01440764 15 198 255 294
n01440764_8467,500,375,n01440764 24 123 471 272
n01440764_739,500,333,n01440764 56 64 480 313
n01440764_2418,400,300,n01440764 112 232 323 299
n01440764_8528,500,375,n01440764 150 4 499 322
n01440764_9866,500,281,n01440764 0 0 376 280
n01440764_459,500,375,n01440764 0 141 464 326
n01440764_8367,300,279,n01440764 10 152 287 267
n01440764_14639,500,333,n01440764 203 102 389 305
n01440764_37,640,480,n01440764 26 102 631 337
n01440764_4611,500,375,n01440764 107 100 390 253
n01440764_23629,500,375,n01440764 251 266 362 338
n01440764_200,500,375,n01440764 175 160 320 216
n01440764_3198,1600,1200,n01440764 15 390 1473 1011
n01440764_2255,375,500,n01440764 75 341 347 498
n01440764_6375,500,375,n01440764 145 224 281 282
n01440764_5089,500,334,n01440764 0 118 427 333
n01440764_5345,500,375,n01440764 55 144 489 277
n01440764_5861,374,500,n01440764 28 307 310 443
n01440764_11350,500,332,n01440764 40 130 461 296
n01440764_10293,500,375,n01440764 57 127 465 281
n01440764_5286,500,334,n01440764 152 137 335 232
n01440764_1383,625,469,n01440764 182 212 506 413
n01440764_3347,500,375,n01440764 136 271 231 340
n01440764_5376,650,431,n01440764 44 211 511 429
n01440764_2627,135,207,n01440764 31 102 89 122
n01440764_3306,500,334,n01440764 5 136 424 332
n01440764_13694,500,375,n01440764 42 211 438 363
n01440764_2102,500,375,n01440764 186 131 446 241
n01440764_1478,351,500,n01440764 65 238 329 367
n01440764_1566,500,374,n01440764 47 69 462 251
n01440764_9973,500,375,n01440764 119 119 359 219
n01440764_7558,195,150,n01440764 63 39 167 103
n01440764_5633,500,375,n01440764 138 145 380 268
n01440764_13947,500,375,n01440764 137 172 410 294
n01440764_9374,500,333,n01440764 172 172 373 258
n01440764_17454,500,375,n01440764 179 198 382 299
n01440764_11044,600,577,n01440764 34 232 579 432
n01440764_10779,500,333,n01440764 205 164 384 265
n01440764_23606,500,375,n01440764 40 205 449 367
n01440764_6399,500,375,n01440764 0 96 483 242
n01440764_12069,240,180,n01440764 79 42 233 119
n01440764_14098,500,281,n01440764 2 46 317 241
n01440764_7820,240,180,n01440764 33 65 225 143
n01440764_2162,400,300,n01440764 185 112 386 248
n01440764_4616,798,416,n01440764 6 6 793 380
n01440764_5163,400,300,n01440764 26 37 366 274
n01440764_13739,500,375,n01440764 179 181 345 246
n01440764_11930,500,375,n01440764 26 137 425 290
n01440764_3724,1536,1024,n01440764 195 0 1533 859
n01440764_14005,320,293,n01440764 19 108 283 232
n01440764_6494,500,375,n01440764 120 236 462 359
n01440764_8455,640,480,n01440764 279 236 500 358
n01440764_1379,130,97,n01440764 2 0 104 80
n01440764_4597,500,375,n01440764 91 195 471 325
n01440764_547,500,375,n01440764 64 0 395 348
n01440764_8347,500,375,n01440764 91 152 331 277
n01440764_5256,500,375,n01440764 63 191 345 357
n01440764_7424,300,243,n01440764 4 97 292 234
n01440764_5225,341,500,n01440764 45 318 285 398
n01440764_14053,500,375,n01440764 50 160 394 330
n01440764_925,500,333,n01440764 223 215 362 266
n01440764_3496,500,375,n01440764 158 202 499 373
n01440764_19035,500,375,n01440764 174 242 394 333
n01440764_4681,375,500,n01440764 15 401 248 498
n01440764_13702,500,332,n01440764 36 117 391 259 n01440764 3 69 74 134
n01440764_22963,500,375,n01440764 119 188 308 268
n01440764_12111,300,225,n01440764 9 92 271 195
n01440764_2118,500,375,n01440764 130 173 409 285
n01440764_1009,500,375,n01440764 202 105 354 182
n01440764_4074,500,375,n01440764 189 243 364 347
n01440764_7857,275,206,n01440764 0 40 238 143
n01440764_3756,375,500,n01440764 73 203 345 316
n01440764_3725,500,375,n01440764 155 227 372 325
n01440764_8112,500,375,n01440764 63 64 413 248
n01440764_13275,500,377,n01440764 36 154 497 360
n01440764_25478,500,375,n01440764 19 113 486 314
n01440764_12239,500,377,n01440764 94 101 489 303
n01440764_13545,500,375,n01440764 15 72 430 274
n01440764_1337,350,351,n01440764 9 169 342 324
n01440764_7426,500,377,n01440764 139 149 394 271
n01440764_14802,500,333,n01440764 158 89 371 180
n01440764_11225,500,375,n01440764 61 221 390 346
n01440764_600,338,450,n01440764 37 232 174 294
n01440764_28418,500,375,n01440764 30 115 467 283
n01440764_14489,500,333,n01440764 189 114 390 213
n01440764_9864,267,289,n01440764 18 127 255 253
n01440764_9747,240,320,n01440764 59 148 217 241
n01440764_21191,500,375,n01440764 173 219 298 276
n01440764_4436,374,500,n01440764 145 221 260 280
n01440764_14633,500,375,n01440764 116 184 467 365
n01440764_14624,500,333,n01440764 175 190 305 259
n01440764_13989,500,375,n01440764 83 172 483 327
n01440764_10361,500,375,n01440764 70 221 407 367
n01440764_4221,500,374,n01440764 21 127 467 299
n01440764_12848,500,375,n01440764 0 61 410 374
n01440764_320,368,500,n01440764 142 317 291 386
n01440764_8529,500,375,n01440764 115 240 252 309
n01440764_5066,500,333,n01440764 1 17 499 235
n01440764_14549,500,377,n01440764 248 162 406 252
n01440764_4962,500,281,n01440764 141 45 374 186
n01440764_9846,270,180,n01440764 18 67 258 175
n01440764_11170,500,333,n01440764 94 122 340 259
n01440764_1980,500,375,n01440764 65 57 255 199
n01440764_9966,500,377,n01440764 29 158 270 264 n01440764 213 133 493 239
n01440764_5295,500,492,n01440764 61 162 364 426
n01440764_1302,500,311,n01440764 202 110 429 230
n01440764_4448,500,375,n01440764 215 244 361 339
n01440764_7230,500,375,n01440764 97 207 418 333
n01440764_2465,625,469,n01440764 82 180 564 376
n01440764_12889,500,333,n01440764 50 92 476 281
n01440764_1656,500,374,n01440764 64 211 360 323
n01440764_6049,500,369,n01440764 0 200 496 349
n01440764_6421,500,375,n01440764 59 191 418 368
n01440764_2866,375,500,n01440764 102 212 325 301
n01440764_4517,500,412,n01440764 8 170 464 401
n01440764_2690,500,375,n01440764 26 236 369 369
n01440764_8623,600,450,n01440764 158 211 407 331
n01440764_2006,500,375,n01440764 69 3 327 259
n01440764_1657,276,211,n01440764 11 13 269 210
n01440764_29712,500,375,n01440764 89 187 385 296
n01440764_11155,1200,909,n01440764 70 477 1111 906
n01440764_14232,267,188,n01440764 27 45 254 154
n01440764_4377,500,375,n01440764 17 100 398 248
n01440764_14286,500,333,n01440764 141 137 461 266
n01440764_5213,297,500,n01440764 51 369 278 480
n01440764_7056,150,113,n01440764 4 28 149 81
n01440764_5314,500,431,n01440764 85 211 393 363
n01440764_12329,343,500,n01440764 3 322 324 493
n01440764_10251,500,375,n01440764 56 230 392 362
n01440764_2002,260,212,n01440764 25 26 200 122 n01440764 221 42 257 74 n01440764 211 3 259 32 n01440764 212 94 244 119
n01440764_4341,361,500,n01440764 91 231 272 311
n01440764_27422,500,375,n01440764 169 182 323 273
n01440764_10074,500,375,n01440764 47 241 367 368
n01440764_8479,600,515,n01440764 198 269 579 478
n01440764_7154,450,500,n01440764 45 190 401 350
n01440764_8374,250,250,n01440764 26 122 211 222
n01440764_2823,500,375,n01440764 41 91 472 221
n01440764_4983,500,375,n01440764 154 223 360 280 n01440764 182 341 332 372 n01440764 196 310 285 348
n01440764_677,625,487,n01440764 0 18 525 465
n01440764_12957,500,332,n01440764 58 103 454 272 n01440764 2 42 91 143
n01440764_1775,418,500,n01440764 81 320 329 435
n01440764_5003,500,375,n01440764 65 209 356 369
n01440764_5501,500,352,n01440764 126 149 384 292
n01440764_12586,375,500,n01440764 30 280 266 360
n01440764_10449,280,320,n01440764 18 181 246 294
n01440764_4245,575,383,n01440764 53 1 574 381
n01440764_18592,500,375,n01440764 202 232 360 353
n01440764_8343,800,533,n01440764 154 285 698 526
n01440764_416,300,225,n01440764 20 80 299 151
n01440764_107,75,56,n01440764 3 19 67 50
n01440764_8710,759,576,n01440764 230 279 603 437
n01440764_7185,500,375,n01440764 116 162 313 261
n01440764_4988,500,375,n01440764 0 93 378 357
n01440764_2144,500,331,n01440764 146 139 493 320
n01440764_2271,500,375,n01440764 101 112 432 280
n01440764_8249,600,800,n01440764 248 498 358 558
n01440764_10649,203,152,n01440764 13 67 202 136
n01440764_4562,500,334,n01440764 29 105 428 260
n01440764_3858,500,375,n01440764 221 212 312 296
n01440764_14731,375,500,n01440764 70 153 360 336
n01440764_5638,500,375,n01440764 73 173 295 279
n01440764_6341,260,195,n01440764 19 68 240 174
n01440764_5364,500,302,n01440764 82 124 354 244
n01440764_1577,500,340,n01440764 230 212 392 289
n01440764_1713,500,375,n01440764 94 258 300 320
n01440764_14885,500,332,n01440764 23 116 405 290
n01440764_5148,500,375,n01440764 150 231 405 369
n01440764_14383,500,375,n01440764 60 160 444 335
n01440764_10323,500,375,n01440764 148 167 412 270
n01440764_5203,500,375,n01440764 130 145 303 248
n01440764_97,500,375,n01440764 0 212 333 369
n01440764_10534,600,450,n01440764 33 60 598 347
n01440764_7754,375,500,n01440764 70 141 287 237
n01440764_23111,500,375,n01440764 73 106 266 180 n01440764 223 191 380 243 n01440764 326 72 454 122
n01440764_9638,195,275,n01440764 17 146 191 236
n01440764_1666,500,375,n01440764 67 88 447 287
n01440764_13116,500,375,n01440764 113 175 308 266
n01440764_5908,500,375,n01440764 36 60 480 219
n01440764_4260,500,375,n01440764 105 143 373 264
n01440764_5763,500,375,n01440764 0 0 433 355
n01440764_3393,500,375,n01440764 154 124 328 215
n01440764_13397,500,375,n01440764 102 118 387 257
n01440764_3603,500,333,n01440764 115 208 338 321
n01440764_6484,100,100,n01440764 16 29 96 72
n01440764_2563,500,374,n01440764 110 25 428 256
n01440764_6249,500,375,n01440764 66 143 418 289
n01440764_5636,500,375,n01440764 73 50 363 338
n01440764_2015,500,248,n01440764 33 57 459 233
n01440764_7044,375,500,n01440764 15 300 345 442
n01440764_11677,567,425,n01440764 269 280 498 383
n01440764_8030,500,375,n01440764 112 153 391 312
n01440764_12339,500,375,n01440764 1 165 427 340
n01440764_7647,500,375,n01440764 156 205 404 343
n01440764_3070,352,288,n01440764 10 124 265 224
n01440764_2094,500,340,n01440764 70 131 367 292
n01440764_10878,500,337,n01440764 40 51 475 221
n01440764_9595,500,375,n01440764 76 139 412 324
n01440764_6500,500,375,n01440764 22 98 444 295
n01440764_7671,500,375,n01440764 11 171 469 372
n01440764_7269,500,375,n01440764 112 149 385 298
n01440764_29551,500,375,n01440764 100 211 388 351
n01440764_5623,500,375,n01440764 72 117 473 308
n01440764_710,500,374,n01440764 149 123 499 353
n01440764_10108,693,800,n01440764 136 360 570 542
n01440764_4490,332,500,n01440764 105 278 274 386
n01440764_2864,500,375,n01440764 131 180 373 294 n01440764 142 81 378 191
n01440764_31715,500,375,n01440764 157 196 404 354
n01440764_2675,500,375,n01440764 66 92 442 335
n01440764_1272,500,375,n01440764 156 208 285 271
n01440764_5535,500,377,n01440764 88 85 499 222
n01440764_6388,2048,1536,n01440764 580 737 1414 1102
n01440764_6497,500,375,n01440764 70 163 498 374
n01440764_3197,500,375,n01440764 86 156 367 351
n01440764_5477,563,425,n01440764 153 222 359 335
n01440764_20316,500,375,n01440764 63 59 452 272
n01440764_5785,120,79,n01440764 13 17 105 75
n01440764_1113,500,391,n01440764 7 178 486 387
n01440764_2577,500,375,n01440764 41 108 442 304
n01440764_2679,500,375,n01440764 101 146 455 249
n01440764_8215,500,400,n01440764 153 177 479 325 n01440764 0 283 234 371 n01440764 109 226 306 320
n01440764_9605,500,260,n01440764 0 68 485 247
n01440764_3098,500,333,n01440764 92 198 306 290
n01440764_5366,800,683,n01440764 220 288 741 553
n01440764_8469,640,898,n01440764 199 343 471 455
n01440764_993,500,375,n01440764 120 173 279 221
n01440764_12785,500,375,n01440764 110 261 498 374
n01440764_12972,500,375,n01440764 117 159 463 337
n01440764_14530,126,86,n01440764 0 23 125 68
n01440764_9304,500,333,n01440764 24 70 498 264
n01440764_12708,375,500,n01440764 90 206 317 312
n01440764_11507,375,500,n01440764 120 120 263 408
n01440764_3713,640,480,n01440764 38 145 569 421
n01440764_2574,500,375,n01440764 57 151 368 295
n01440764_1469,500,413,n01440764 234 264 292 328 n01440764 275 264 313 301
n01440764_7285,500,375,n01440764 121 199 342 285
n01440764_16090,500,375,n01440764 105 135 391 244
n01440764_8813,200,164,n01440764 15 11 169 126
n01440764_7158,350,262,n01440764 46 101 292 183
n01440764_11797,500,333,n01440764 207 231 374 315
n01440764_1263,360,480,n01440764 28 324 307 404
n01440764_6548,500,375,n01440764 22 84 467 294
n01440764_1764,448,336,n01440764 8 98 392 241
n01440764_8424,500,333,n01440764 144 188 437 332
n01440764_9939,369,276,n01440764 111 139 263 206
n01440764_1995,375,500,n01440764 88 357 247 435
n01440764_27451,500,375,n01440764 127 182 368 283
n01440764_2544,530,325,n01440764 16 67 479 249
n01440764_1108,500,375,n01440764 29 135 489 293
n01440764_6719,190,190,n01440764 18 14 182 144
n01440764_3289,400,265,n01440764 10 43 384 187
n01440764_5481,500,375,n01440764 78 103 441 279 n01440764 135 50 325 121
n01440764_11331,500,375,n01440764 59 170 462 347
n01440764_10427,180,141,n01440764 11 51 116 83 n01440764 38 84 148 137
n01440764_2385,678,448,n01440764 182 161 499 292
n01440764_10733,375,500,n01440764 95 322 283 398
n01440764_19005,500,375,n01440764 137 204 444 340
n01440764_3202,221,164,n01440764 40 83 195 146 n01440764 10 19 180 63
n01440764_9780,257,138,n01440764 14 5 248 131
n01440764_10587,600,450,n01440764 83 189 495 358
n01440764_7877,640,480,n01440764 0 99 595 441
n01440764_6924,500,375,n01440764 28 75 451 288
n01440764_8363,640,480,n01440764 7 168 500 397
n01440764_6432,900,638,n01440764 186 245 813 535
n01440764_7173,2864,1863,n01440764 401 900 2448 1765
n01440764_4058,500,375,n01440764 54 73 458 207
n01440764_12314,376,500,n01440764 57 1 323 498
n01440764_3779,480,319,n01440764 85 173 317 289
n01440764_1608,500,375,n01440764 97 212 384 329
n01440764_1135,370,500,n01440764 130 358 303 413 n01440764 141 402 363 466
n01484850_3268,500,333,n01484850 0 48 395 283
n01484850_8747,400,250,n01484850 142 23 339 249
n01484850_19617,500,332,n01484850 203 105 499 331
n01484850_10826,470,321,n01484850 161 34 351 287
n01484850_3273,500,334,n01484850 167 117 330 220
n01484850_14256,500,347,n01484850 0 11 486 346
n01484850_8204,500,334,n01484850 166 147 362 232
n01484850_18013,500,333,n01484850 85 13 291 332
n01484850_3277,500,333,n01484850 183 55 457 225
n01484850_27855,500,313,n01484850 24 58 461 257
n01484850_16513,500,324,n01484850 1 112 490 301
n01484850_21525,500,383,n01484850 49 24 482 371
n01484850_32046,193,250,n01484850 15 34 168 236
n01484850_3604,500,334,n01484850 246 41 405 159
n01484850_14797,500,333,n01484850 21 0 499 332
n01484850_17995,500,332,n01484850 0 111 166 211
n01484850_977,500,375,n01484850 33 51 499 251
n01484850_24266,500,375,n01484850 13 44 489 343
n01484850_24294,500,338,n01484850 83 53 499 277
n01484850_2204,500,375,n01484850 0 16 481 374
n01484850_9424,500,331,n01484850 109 4 499 258
n01484850_22694,500,333,n01484850 0 135 485 332
n01484850_3386,500,375,n01484850 0 0 499 327
n01484850_12844,500,333,n01484850 30 26 499 248
n01484850_18113,500,344,n01484850 0 0 465 283
n01484850_5505,392,261,n01484850 14 54 350 183
n01484850_12782,230,240,n01484850 20 31 229 218
n01484850_7950,500,375,n01484850 0 242 287 374
n01484850_7639,439,327,n01484850 46 1 438 309
n01484850_21694,500,375,n01484850 282 138 499 217
n01484850_6853,375,500,n01484850 150 133 270 306
n01484850_1431,500,375,n01484850 130 126 491 308
n01484850_8947,500,375,n01484850 44 0 251 208
n01484850_24214,500,332,n01484850 180 165 294 327
n01484850_18115,500,355,n01484850 86 76 432 300
n01484850_20884,500,321,n01484850 154 93 494 156
n01484850_2212,500,334,n01484850 107 97 454 242
n01484850_21850,250,180,n01484850 113 61 249 167
n01484850_205,500,387,n01484850 65 82 438 219
n01484850_21350,500,335,n01484850 65 0 483 235
n01484850_16192,500,333,n01484850 116 0 498 332
n01484850_515,500,333,n01484850 0 40 499 317
n01484850_166,500,333,n01484850 191 150 499 311
n01484850_18566,500,333,n01484850 247 172 499 332
n01484850_22035,500,333,n01484850 101 74 401 267
n01484850_2990,439,322,n01484850 56 0 438 293
n01484850_28556,500,334,n01484850 12 25 293 223
n01484850_19573,500,333,n01484850 172 45 292 233
n01484850_11923,439,211,n01484850 0 40 438 210
n01484850_20314,500,375,n01484850 0 1 432 295
n01484850_8623,333,500,n01484850 3 220 294 372
n01484850_24188,500,333,n01484850 193 218 444 332
n01484850_11316,500,333,n01484850 39 78 469 229
n01484850_409,500,270,n01484850 112 60 375 245
n01484850_24809,500,431,n01484850 1 87 415 311
n01484850_3373,500,375,n01484850 137 12 493 280
n01484850_18881,500,333,n01484850 57 150 251 231 n01484850 343 161 412 253
n01484850_14810,500,375,n01484850 0 93 437 246
n01484850_14751,352,269,n01484850 75 51 284 153
n01484850_21545,500,333,n01484850 192 115 332 177
n01484850_3403,500,375,n01484850 1 140 357 284
n01484850_23701,334,500,n01484850 13 35 312 446
n01484850_32403,500,375,n01484850 12 2 499 374
n01484850_15477,500,375,n01484850 0 104 429 374
n01484850_5229,540,320,n01484850 201 7 494 312
n01484850_18423,500,333,n01484850 182 131 357 215
n01484850_10134,500,334,n01484850 161 97 499 319
n01484850_8095,375,500,n01484850 72 91 356 423
n01484850_31338,500,334,n01484850 106 29 461 262
n01484850_5041,500,334,n01484850 133 45 457 265
n01484850_27747,500,442,n01484850 66 88 282 198
n01484850_6892,285,187,n01484850 49 11 277 181
n01484850_8395,500,333,n01484850 0 53 246 147
n01484850_7633,500,375,n01484850 110 194 370 330
n01484850_24898,500,375,n01484850 188 122 259 174
n01484850_7557,453,500,n01484850 0 261 355 498
n01484850_3949,500,335,n01484850 0 166 264 334
n01484850_8143,500,333,n01484850 0 145 244 324
n01484850_15688,500,334,n01484850 0 99 376 326
n01484850_11748,186,144,n01484850 8 4 169 124
n01484850_4496,1024,768,n01484850 3 161 628 600
n01484850_5649,500,333,n01484850 129 121 375 302
n01484850_21263,500,333,n01484850 198 118 445 332
n01484850_4733,500,334,n01484850 112 1 499 224
n01484850_8417,500,333,n01484850 1 0 326 332
n01484850_11973,500,333,n01484850 191 84 320 241
n01484850_9008,500,416,n01484850 0 105 302 328
n01484850_16410,500,287,n01484850 111 112 323 216
n01484850_23994,500,307,n01484850 54 74 318 233
n01484850_24098,500,356,n01484850 121 162 324 343
n01484850_11688,500,334,n01484850 26 0 371 273
n01484850_2935,500,375,n01484850 0 107 370 374
n01484850_8911,500,332,n01484850 1 40 413 194
n01484850_6798,500,333,n01484850 80 75 498 332
n01484850_1634,500,334,n01484850 0 61 428 245
n01484850_1303,500,375,n01484850 125 43 390 285
n01484850_24770,500,333,n01484850 2 114 259 212
n01484850_9006,500,375,n01484850 1 70 406 304
n01484850_18481,500,375,n01484850 49 109 480 269
n01484850_4834,500,236,n01484850 48 24 444 180
n01484850_9680,500,335,n01484850 244 143 354 256
n01484850_23716,500,293,n01484850 0 17 456 284
n01484850_4290,340,205,n01484850 130 78 256 181
n01484850_4119,500,330,n01484850 122 89 409 254
n01484850_2182,360,260,n01484850 70 77 340 256
n01484850_8068,482,291,n01484850 99 1 481 263 n01484850 2 112 222 246
n01484850_7071,500,345,n01484850 107 183 499 344
n01484850_20205,500,375,n01484850 134 57 425 374
n01484850_1423,356,220,n01484850 120 26 273 160
n01484850_15166,500,381,n01484850 0 7 390 380
n01484850_7766,500,375,n01484850 47 0 499 331
n01484850_501,500,333,n01484850 188 38 488 257
n01484850_7858,500,333,n01484850 0 0 305 332
n01484850_5072,500,298,n01484850 20 8 498 264
n01484850_11205,500,375,n01484850 0 83 348 362
n01484850_17229,500,375,n01484850 161 23 364 372
n01484850_21109,500,375,n01484850 47 138 467 289
n01484850_22164,500,333,n01484850 4 5 344 195
n01484850_23446,340,228,n01484850 14 95 217 212
n01484850_16001,340,214,n01484850 105 33 285 112
n01484850_22111,500,333,n01484850 230 44 354 245
n01484850_2603,297,320,n01484850 3 56 296 304
n01484850_16113,500,375,n01484850 114 71 388 296
n01484850_29489,500,319,n01484850 136 47 489 305
n01484850_1722,500,357,n01484850 171 1 456 321
n01484850_16833,500,369,n01484850 0 0 499 368
n01484850_7153,500,333,n01484850 0 10 264 201
n01484850_7695,500,421,n01484850 1 0 468 378
n01484850_1652,500,375,n01484850 1 89 335 374
n01484850_8851,500,333,n01484850 121 10 341 264
n01484850_6242,500,335,n01484850 63 3 262 194
n01484850_24821,500,337,n01484850 57 24 488 275
n01484850_1581,500,333,n01484850 124 116 286 201
n01484850_5720,500,319,n01484850 47 60 493 251
n01484850_3246,500,304,n01484850 2 58 415 241
n01484850_23635,500,333,n01484850 242 0 445 216
n01484850_6210,500,333,n01484850 52 97 286 259
n01484850_7526,420,315,n01484850 82 124 295 262
n01484850_5885,500,334,n01484850 142 63 436 219
n01484850_9770,500,335,n01484850 0 54 317 210
n01484850_15476,476,229,n01484850 56 38 380 225
n01484850_22950,500,375,n01484850 191 92 499 358
n01484850_3608,500,334,n01484850 164 127 368 266
n01484850_8434,500,364,n01484850 5 43 434 265
n01484850_1849,500,334,n01484850 207 188 453 313
n01484850_24524,500,374,n01484850 217 41 360 242
n01484850_14192,500,198,n01484850 26 61 194 169 n01484850 265 63 426 171
n01484850_6638,500,333,n01484850 140 106 419 321
n01484850_23478,500,333,n01484850 49 114 435 270
n01484850_9667,500,357,n01484850 34 10 435 281
n01484850_8788,500,334,n01484850 266 140 396 223
n01484850_13861,500,375,n01484850 75 44 483 330
n01484850_27948,355,500,n01484850 3 160 313 475
n01484850_8508,500,358,n01484850 116 104 319 269
n01484850_8610,500,375,n01484850 9 0 469 302
n01484850_23427,500,333,n01484850 0 32 307 268
n01484850_20482,500,302,n01484850 40 43 360 128
n01484850_899,500,291,n01484850 137 62 499 289
n01484850_14400,500,274,n01484850 30 43 438 226
n01484850_19065,350,250,n01484850 41 28 245 234
n01484850_29552,500,333,n01484850 1 135 422 326
n01484850_16736,500,333,n01484850 34 79 390 269
n01484850_17859,500,352,n01484850 0 156 403 325
n01484850_24006,500,357,n01484850 0 13 313 275
n01484850_10538,500,335,n01484850 136 91 415 218
n01484850_10900,500,332,n01484850 155 76 499 176
n01484850_2259,500,373,n01484850 0 0 499 221
n01484850_22114,500,375,n01484850 97 19 499 342
n01484850_18363,500,375,n01484850 0 159 262 297
n01484850_28160,500,375,n01484850 0 82 417 374
n01484850_20911,401,500,n01484850 31 122 317 435
n01484850_18289,500,334,n01484850 91 79 358 333
n01484850_17805,500,333,n01484850 0 0 327 173
n01484850_16376,500,350,n01484850 0 61 453 348
n01484850_26659,500,333,n01484850 167 50 419 332
n01484850_6709,439,308,n01484850 35 28 359 283
n01484850_29704,500,254,n01484850 7 63 447 212
n01484850_20943,500,335,n01484850 117 124 363 219
n01484850_21208,500,333,n01484850 0 154 350 332
n01484850_7125,500,335,n01484850 0 41 317 253
n01484850_15645,283,424,n01484850 10 256 265 383
n01484850_3329,400,266,n01484850 8 76 363 237
n01484850_8303,500,334,n01484850 129 60 410 217
n01484850_1615,500,333,n01484850 66 110 449 323
n01484850_17864,800,540,n01484850 79 148 766 411
n01484850_21764,439,328,n01484850 58 85 405 303
n01484850_8127,449,300,n01484850 16 100 343 277
n01484850_16437,500,333,n01484850 0 57 388 261
n01484850_14162,500,332,n01484850 163 2 488 257
n01484850_19320,500,333,n01484850 201 38 499 239
n01484850_31189,500,332,n01484850 0 24 485 276
n01484850_1513,500,375,n01484850 45 57 417 295
n01484850_34520,500,375,n01484850 16 89 484 305
n01484850_8886,500,364,n01484850 99 81 421 254
n01484850_13129,500,351,n01484850 131 37 446 226
n01484850_20788,500,332,n01484850 1 139 320 292
n01484850_24229,500,357,n01484850 0 141 401 355
n01484850_5268,500,306,n01484850 0 74 422 249
n01484850_24432,240,151,n01484850 25 51 182 122
n01484850_5377,500,332,n01484850 102 40 388 201
n01484850_7264,500,336,n01484850 113 27 469 239
n01484850_4676,333,500,n01484850 111 156 331 416
n01484850_14284,412,263,n01484850 3 6 400 262
n01484850_4617,500,355,n01484850 175 107 496 251
n01484850_30550,500,328,n01484850 0 77 326 258
n01484850_19715,500,374,n01484850 38 75 467 317
n01484850_12982,200,200,n01484850 10 24 158 170
n01484850_19566,500,375,n01484850 123 48 499 374
n01484850_8651,500,334,n01484850 47 99 353 221
n01484850_20181,500,399,n01484850 5 70 388 348
n01484850_23696,500,332,n01484850 199 115 498 331
n01484850_24081,500,335,n01484850 116 32 497 306
n01484850_20695,500,333,n01484850 226 110 379 213
n01484850_5581,439,316,n01484850 13 0 438 280
n01484850_11293,500,332,n01484850 2 122 459 331
n01484850_15759,500,348,n01484850 7 0 385 268
n01484850_23891,500,375,n01484850 7 53 499 321
n01484850_3305,500,375,n01484850 101 128 422 257
n01484850_21860,500,334,n01484850 0 111 365 262
n01484850_21997,500,317,n01484850 92 25 499 263
n01484850_6759,500,334,n01484850 90 121 498 209
n01484850_18055,500,310,n01484850 194 116 363 181
n01484850_21023,500,441,n01484850 121 29 498 321
n01484850_18575,500,324,n01484850 0 77 499 323
n01484850_9549,500,333,n01484850 94 0 499 278
n01484850_745,500,306,n01484850 16 14 485 291
n01484850_931,366,273,n01484850 32 39 313 172
n01484850_2878,395,262,n01484850 112 65 388 191
n01484850_24203,500,333,n01484850 1 104 353 315
n01484850_22544,417,500,n01484850 0 0 212 332
n01484850_7561,500,375,n01484850 178 35 499 374
n01484850_6731,500,333,n01484850 134 56 499 332
n01484850_6567,500,333,n01484850 0 92 255 332
n01484850_3307,500,337,n01484850 150 114 394 204
n01484850_18878,439,286,n01484850 1 0 435 266
n01484850_2578,500,375,n01484850 131 92 495 294
n01484850_8364,500,383,n01484850 29 39 496 298
n01484850_7114,500,428,n01484850 50 1 396 283
n01484850_3076,300,300,n01484850 0 8 285 299
n01484850_15647,300,292,n01484850 27 0 296 247
n01484850_5097,500,375,n01484850 186 47 499 273
n01484850_3024,500,375,n01484850 134 94 499 363
n01484850_24054,500,282,n01484850 69 46 413 210
n01484850_8363,500,334,n01484850 0 33 348 234
n01484850_4416,475,360,n01484850 0 1 427 359
n01484850_22130,500,374,n01484850 5 69 377 373
n01484850_1633,479,343,n01484850 224 98 432 225
n01484850_7510,500,333,n01484850 2 99 364 221
n01484850_18547,500,339,n01484850 0 129 268 253 n01484850 189 88 403 155
n01484850_15023,439,307,n01484850 0 0 438 306
n01484850_2542,500,332,n01484850 0 0 463 323
n01484850_6578,500,431,n01484850 105 137 223 263
n01484850_21791,500,375,n01484850 0 0 442 225
n01484850_17652,500,333,n01484850 60 81 430 213
n01484850_2301,500,500,n01484850 55 58 440 491
n01484850_16621,400,300,n01484850 97 74 316 270
n01484850_20872,439,330,n01484850 96 80 399 243
n01484850_5640,500,333,n01484850 95 74 499 292
n01484850_19507,400,325,n01484850 0 9 385 317
n01484850_17769,500,323,n01484850 106 101 499 297
n01484850_14785,439,283,n01484850 28 23 438 282
n01484850_22105,500,333,n01484850 0 0 241 258
n01484850_5321,500,346,n01484850 167 18 443 174
n01484850_20915,439,245,n01484850 28 0 438 216
n01484850_6560,500,333,n01484850 1 18 499 332
n01484850_18216,500,333,n01484850 0 114 341 313
n01484850_25145,500,349,n01484850 49 52 407 326
n01484850_3729,500,339,n01484850 89 189 242 270
n01484850_3993,500,332,n01484850 135 71 357 235
n01484850_15525,400,266,n01484850 91 8 372 148
n01484850_5162,439,272,n01484850 23 0 437 245
n01484850_7299,500,333,n01484850 53 122 499 252
n01484850_6262,500,267,n01484850 51 66 413 251
n01484850_17547,500,332,n01484850 107 49 342 220
n01484850_23542,500,333,n01484850 188 75 372 210
n01484850_18531,500,375,n01484850 0 83 217 196
n01484850_21296,500,375,n01484850 252 165 369 281
n01484850_21930,400,298,n01484850 131 25 399 291
n01484850_8224,500,353,n01484850 0 18 307 352
n01484850_17959,320,289,n01484850 42 51 317 285
n01484850_30150,500,362,n01484850 34 72 272 232
n01484850_15960,500,375,n01484850 21 3 499 306
n01484850_18507,352,184,n01484850 84 5 266 167
n01484850_2178,500,333,n01484850 256 67 420 212
n01484850_6994,469,352,n01484850 0 90 342 321
n01484850_21342,500,332,n01484850 76 0 334 217
n01484850_22362,432,500,n01484850 46 38 430 363
n01484850_23421,500,322,n01484850 1 32 467 321
n01484850_8553,500,333,n01484850 92 70 471 262
n01484850_18541,500,358,n01484850 68 30 473 275
n01484850_21710,500,287,n01484850 202 143 316 194
n01484850_4193,500,375,n01484850 0 62 359 374
n01484850_1168,500,337,n01484850 60 1 479 269
n01484850_14347,500,375,n01484850 22 52 498 373
n01484850_370,500,375,n01484850 155 152 353 284
n01484850_21180,500,375,n01484850 1 120 261 296
n01484850_1500,500,333,n01484850 187 90 499 328
n01484850_2030,495,500,n01484850 90 147 350 363
n01484850_6423,500,346,n01484850 26 20 312 305
n01484850_24738,500,375,n01484850 17 164 357 305
n01484850_11510,500,375,n01484850 3 76 499 347
n01484850_11174,500,333,n01484850 97 32 470 263
n01484850_29567,500,375,n01484850 1 79 306 374
n01484850_17957,500,333,n01484850 16 0 499 332
n01484850_19861,500,333,n01484850 28 44 490 266
n01484850_5487,500,375,n01484850 99 59 334 199
n01484850_18945,328,267,n01484850 68 63 220 162
n01484850_4017,500,375,n01484850 11 1 499 349
n01484850_541,500,333,n01484850 123 107 389 275
n01484850_25960,500,333,n01484850 81 87 484 272
n01484850_8543,500,335,n01484850 144 198 341 334
n01484850_4118,500,375,n01484850 2 82 397 243
n01484850_31862,500,335,n01484850 28 15 416 317
n01484850_26160,500,335,n01484850 116 85 462 294
n01484850_3342,500,390,n01484850 97 115 393 289
n01484850_24881,500,335,n01484850 71 61 217 279
n01484850_9174,359,348,n01484850 117 59 333 290
n01484850_11150,500,338,n01484850 158 49 380 278
n01484850_21335,500,333,n01484850 138 88 407 239
n01484850_1747,500,335,n01484850 90 174 341 251
n01484850_4645,640,480,n01484850 198 98 577 427
n01484850_6041,500,269,n01484850 0 22 474 248
n01484850_3270,388,344,n01484850 46 67 360 309
n01484850_7597,500,333,n01484850 206 114 458 298
n01484850_18833,500,333,n01484850 25 121 395 258
n01484850_9311,439,329,n01484850 0 1 438 300
n01484850_6496,500,375,n01484850 0 53 305 249
n01484850_6131,500,334,n01484850 195 112 498 305
n01484850_3805,500,333,n01484850 69 156 302 294
n01484850_13424,500,332,n01484850 0 87 387 190
n01484850_4360,500,336,n01484850 1 95 413 277
n01484850_14560,500,394,n01484850 87 109 467 350
n01484850_22553,500,375,n01484850 138 0 441 207
n01484850_22221,500,500,n01484850 260 180 305 290
n01484850_24143,500,333,n01484850 0 174 278 305
n01484850_1390,500,375,n01484850 19 34 336 246
n01484850_1452,330,313,n01484850 27 87 296 267
n01484850_198,500,423,n01484850 1 0 449 415
n01484850_15184,300,191,n01484850 131 82 258 151
n01484850_8744,443,500,n01484850 33 83 360 446
n01484850_5338,500,375,n01484850 118 68 424 258
n01484850_7359,500,333,n01484850 87 0 460 248
n01484850_1619,500,333,n01484850 5 96 276 319
n01484850_11197,500,333,n01484850 189 78 499 214
n01484850_23449,500,228,n01484850 0 19 463 214
n01484850_15641,500,333,n01484850 0 59 222 261
n01484850_1120,500,342,n01484850 48 73 459 259
n01484850_7420,500,375,n01484850 105 155 499 276
n01484850_6333,500,375,n01484850 48 1 481 374
n01484850_22523,500,375,n01484850 223 156 499 374
n01484850_5310,500,312,n01484850 46 1 499 253
n01484850_45289,500,355,n01484850 206 62 431 200
n01484850_24536,500,309,n01484850 72 172 313 283
n01484850_6644,500,333,n01484850 1 83 499 226
n01484850_20393,500,333,n01484850 146 4 339 332
n01484850_29653,500,332,n01484850 0 117 420 331
n01484850_5577,500,369,n01484850 80 96 272 247
n01484850_421,500,375,n01484850 139 71 499 374
n01484850_2901,500,375,n01484850 41 126 405 278
n01484850_14567,500,334,n01484850 90 36 499 333
n01484850_18649,500,375,n01484850 187 99 456 235
n01484850_15365,500,375,n01484850 157 0 499 320
n01484850_12993,500,304,n01484850 17 16 499 303
n01484850_29569,500,375,n01484850 99 2 499 243
n01484850_4613,220,165,n01484850 1 1 118 164
n01484850_18002,500,333,n01484850 1 117 282 244
n01484850_12913,500,333,n01484850 83 77 249 231
n01484850_3784,500,333,n01484850 19 13 499 303
n01484850_2995,500,333,n01484850 85 25 308 257
n01484850_17311,500,333,n01484850 49 43 499 260
n01484850_25503,500,389,n01484850 152 133 478 387
n01484850_23515,334,500,n01484850 41 97 223 372
n01484850_32023,500,327,n01484850 244 90 499 245
n01484850_875,400,257,n01484850 8 3 399 256
n01484850_20310,500,333,n01484850 155 178 303 279
n01484850_3955,500,461,n01484850 101 19 498 459
n01484850_22866,500,375,n01484850 44 175 339 303
n01484850_11781,360,500,n01484850 0 112 311 427
n01484850_12953,500,375,n01484850 58 29 499 374
n01484850_7197,500,332,n01484850 2 65 382 210
n01484850_17865,500,375,n01484850 186 131 403 249
n01484850_9053,500,333,n01484850 46 32 499 332
n01484850_6203,500,332,n01484850 172 8 325 116
n01484850_523,500,334,n01484850 115 68 499 224
n01484850_15209,500,375,n01484850 74 69 366 221
n01484850_16339,500,333,n01484850 0 26 415 331
n01484850_15271,500,375,n01484850 59 139 394 338
n01484850_7376,500,375,n01484850 1 74 365 374
n01484850_15454,500,375,n01484850 144 105 301 289
n01484850_11371,500,375,n01484850 94 81 413 374
n01484850_7187,500,328,n01484850 1 43 462 183
n01484850_1077,450,298,n01484850 40 147 291 296
n01484850_15838,400,266,n01484850 40 0 348 229
n01484850_27991,500,369,n01484850 52 1 499 315
n01484850_14287,500,333,n01484850 36 33 239 171
n01484850_1783,500,333,n01484850 78 38 359 299
n01484850_9071,320,240,n01484850 1 0 215 193
n01484850_1560,500,375,n01484850 23 65 477 338
n01484850_19725,500,335,n01484850 179 73 499 289
n01484850_9498,500,385,n01484850 134 86 331 325
n01484850_7385,500,333,n01484850 1 121 338 266
n01484850_2996,399,299,n01484850 130 23 278 282
n01484850_8792,500,375,n01484850 1 33 267 346
n01484850_4455,500,333,n01484850 192 0 499 203
n01484850_3952,500,334,n01484850 64 14 254 230
n01484850_15114,350,262,n01484850 15 47 270 234
n01484850_15954,369,260,n01484850 1 30 327 238
n01484850_25485,500,333,n01484850 101 78 499 332
n01484850_6097,500,375,n01484850 2 25 374 354
n01484850_15163,381,450,n01484850 14 40 328 396
n01484850_18256,500,334,n01484850 123 62 499 333
n01484850_12191,450,298,n01484850 21 102 319 236
n01484850_5870,400,276,n01484850 2 1 385 204
n01484850_11236,500,375,n01484850 128 89 495 372
n01484850_17727,265,360,n01484850 114 164 234 271
n01484850_5814,439,325,n01484850 48 0 438 260
n01484850_9473,500,351,n01484850 1 97 336 347
n01484850_1329,500,332,n01484850 187 119 379 277
n01484850_7001,500,313,n01484850 0 14 435 244
n01484850_10073,500,331,n01484850 40 115 494 247
n01484850_5116,415,500,n01484850 123 27 350 337
n01484850_17208,450,252,n01484850 145 9 291 201
n01484850_6459,356,500,n01484850 85 35 220 282
n01484850_2801,400,267,n01484850 1 28 356 248
n01484850_19010,400,300,n01484850 17 109 252 253
n01484850_114,500,333,n01484850 1 108 499 332
n01484850_2461,240,161,n01484850 110 78 197 128
n01484850_7236,500,375,n01484850 159 163 462 279
n01484850_24903,500,333,n01484850 7 118 386 238
n01484850_351,500,375,n01484850 26 83 415 237
n01484850_4327,500,333,n01484850 0 51 499 283
n01484850_1886,500,333,n01484850 111 86 393 332
n01484850_25398,500,333,n01484850 109 115 349 332
n01484850_8133,500,332,n01484850 79 51 370 203
n01484850_2616,500,375,n01484850 172 218 499 374
n01484850_16076,500,375,n01484850 147 103 340 219
n01484850_24686,469,321,n01484850 18 122 391 309
n01484850_13953,360,261,n01484850 0 23 349 219
n01484850_16126,500,375,n01484850 108 93 443 320
n01484850_6574,500,288,n01484850 4 69 428 284
n01484850_14377,500,333,n01484850 8 72 488 259
n01484850_12606,500,334,n01484850 211 2 499 200
n01484850_1776,500,334,n01484850 162 95 213 146
n01484850_17989,500,375,n01484850 311 140 387 187
n01484850_11636,500,180,n01484850 40 12 446 158
n01484850_18595,500,375,n01484850 1 97 374 312
n01484850_2864,475,360,n01484850 11 53 474 357
n01484850_24004,500,334,n01484850 21 0 387 282
n01484850_29237,500,333,n01484850 162 0 499 332
n01484850_5675,500,310,n01484850 40 0 499 306
n01484850_30992,500,341,n01484850 45 115 382 221
n01484850_8475,500,334,n01484850 9 72 374 231
n01484850_26855,500,398,n01484850 32 82 469 322
n01484850_20668,500,333,n01484850 26 2 385 230
n01484850_14467,500,333,n01484850 146 88 498 261
n01484850_17788,500,333,n01484850 1 64 448 277
n01484850_1707,500,333,n01484850 185 29 472 277
n01484850_9930,500,414,n01484850 4 44 372 318
n01484850_2506,800,600,n01484850 138 55 615 598
n01484850_9813,500,369,n01484850 103 65 499 286
n01484850_2384,500,334,n01484850 93 10 343 246
n01484850_5301,400,300,n01484850 96 68 279 270
n01484850_7802,500,334,n01484850 4 84 439 333
n01484850_13787,500,332,n01484850 24 79 428 242
n01484850_19683,500,375,n01484850 150 28 427 279
n01484850_9684,500,333,n01484850 69 65 443 233
n01484850_2979,500,375,n01484850 196 94 273 159
n01484850_10798,500,333,n01484850 1 118 422 332
n01484850_5350,500,375,n01484850 1 45 374 346
n01484850_17778,500,359,n01484850 117 93 418 277
n01484850_15534,500,416,n01484850 4 17 454 367
n01484850_17384,300,360,n01484850 0 75 272 341
n01484850_2445,500,333,n01484850 7 34 402 326
n01484850_23375,500,333,n01484850 203 70 444 270
n01484850_20810,240,148,n01484850 1 47 177 146
n01484850_16020,500,372,n01484850 83 95 499 371
n01484850_24213,500,403,n01484850 2 117 437 392
n01484850_4170,500,358,n01484850 14 3 499 357
n01484850_11069,400,250,n01484850 2 23 349 240
n01484850_23936,500,335,n01484850 230 152 499 334
n01484850_29982,500,333,n01484850 100 13 479 325
n01484850_9204,500,319,n01484850 1 82 311 317
n01484850_15685,404,270,n01484850 0 62 290 266
n01484850_8611,500,375,n01484850 249 151 499 300
n01484850_22535,320,450,n01484850 61 39 247 374
n01484850_3769,500,340,n01484850 65 1 309 333
n01484850_20648,500,332,n01484850 1 1 277 329
n01484850_17294,500,335,n01484850 58 97 499 322
n01484850_1476,500,332,n01484850 38 1 486 229
n01484850_7596,500,333,n01484850 179 104 454 232
n01484850_18441,404,224,n01484850 0 13 342 223
n01484850_7430,500,375,n01484850 80 129 411 241
n01484850_24997,500,375,n01484850 0 58 270 320
n01484850_16169,500,337,n01484850 197 137 344 234
n01484850_6898,500,375,n01484850 0 50 356 259
n01484850_10086,500,333,n01484850 204 148 454 263
n01484850_31249,500,332,n01484850 0 122 349 331
n01484850_3751,500,375,n01484850 131 151 448 288
n01484850_9001,500,375,n01484850 28 75 293 261
n01484850_12457,500,333,n01484850 49 39 361 238
n01484850_3259,350,281,n01484850 46 25 254 182
n01484850_7062,300,196,n01484850 23 29 208 191
n01484850_11345,500,354,n01484850 37 91 333 217
n01484850_1664,400,300,n01484850 57 54 248 194
n01484850_28767,500,394,n01484850 1 13 460 393
n01484850_10016,500,375,n01484850 57 94 499 344
n01484850_7756,500,376,n01484850 0 61 357 263
n01484850_28001,500,375,n01484850 222 164 420 374
n01484850_6126,400,267,n01484850 35 0 399 246
n01484850_14943,300,367,n01484850 24 30 299 366
n01484850_2013,500,375,n01484850 180 72 499 251
n01484850_31654,500,375,n01484850 70 14 421 345
n01484850_15794,500,347,n01484850 0 27 363 346
n01484850_28173,500,375,n01484850 158 2 498 271
n01484850_6696,500,394,n01484850 0 125 412 261
n01484850_7965,500,333,n01484850 98 48 499 245
n01484850_21778,500,333,n01484850 47 35 370 204
n01484850_21914,500,375,n01484850 64 0 465 374
n01484850_18752,500,296,n01484850 29 14 499 285
n01484850_29551,500,300,n01484850 79 1 499 259
n01484850_24107,500,388,n01484850 104 74 499 312
n01484850_24140,500,375,n01484850 223 34 334 312
n01484850_18862,500,375,n01484850 116 34 443 298
n01484850_116,320,240,n01484850 48 59 305 137
n01484850_9078,500,338,n01484850 114 0 472 310
n01484850_33542,500,333,n01484850 117 118 499 332
n01484850_19247,500,335,n01484850 1 5 499 334
n01484850_21224,500,332,n01484850 29 31 303 182
n01484850_23200,500,333,n01484850 1 37 483 255
n01484850_14771,417,260,n01484850 133 107 221 162
n01443537_7145,500,333,n01443537 169 82 391 303
n01443537_3601,1024,768,n01443537 0 0 328 347 n01443537 322 94 870 526
n01443537_21400,500,375,n01443537 323 157 425 240
n01443537_450,400,368,n01443537 240 89 399 213 n01443537 25 31 222 153
n01443537_7938,500,333,n01443537 0 0 355 318
n01443537_1844,175,109,n01443537 3 4 174 86
n01443537_20299,500,454,n01443537 11 30 452 452
n01443537_2260,240,180,n01443537 0 32 239 178
n01443537_1942,500,375,n01443537 332 139 474 285 n01443537 20 92 133 290 n01443537 174 167 370 301 n01443537 108 127 242 303
n01443537_17246,500,375,n01443537 1 96 284 374
n01443537_18372,500,375,n01443537 343 161 416 191
n01443537_9869,422,282,n01443537 24 94 163 243
n01443537_19771,500,375,n01443537 337 79 410 193 n01443537 291 1 413 66 n01443537 423 224 467 307 n01443537 91 99 188 145 n01443537 328 172 382 295 n01443537 0 0 30 25 n01443537 1 122 86 239 n01443537 1 87 85 122
n01443537_4106,388,322,n01443537 0 0 361 321
n01443537_16031,500,333,n01443537 144 49 499 332
n01443537_24784,500,333,n01443537 146 35 420 240
n01443537_11472,385,500,n01443537 1 38 336 490
n01443537_1580,400,300,n01443537 91 39 257 191
n01443537_338,560,372,n01443537 43 72 436 322 n01443537 75 0 173 67
n01443537_11577,500,413,n01443537 17 19 498 403
n01443537_13710,500,333,n01443537 199 65 483 269
n01443537_1895,425,283,n01443537 0 61 424 282
n01443537_4188,340,255,n01443537 36 15 321 191
n01443537_19391,500,375,n01443537 287 247 331 267 n01443537 338 329 380 349 n01443537 125 303 149 338 n01443537 101 167 123 194 n01443537 241 290 282 309 n01443537 182 209 196 238
n01443537_1194,200,170,n01443537 3 7 198 164
n01443537_3011,300,342,n01443537 1 31 294 292
n01443537_3047,640,480,n01443537 0 121 325 340 n01443537 69 121 546 284
n01443537_20388,500,375,n01443537 0 67 420 373
n01443537_4133,640,576,n01443537 0 90 567 574
n01443537_2751,400,400,n01443537 1 53 342 353
n01443537_3588,500,375,n01443537 75 68 402 274
n01443537_2858,426,280,n01443537 2 46 395 233
n01443537_10408,384,288,n01443537 80 97 253 237 n01443537 20 96 87 222
n01443537_11787,500,375,n01443537 17 77 469 309
n01443537_2095,193,193,n01443537 2 23 186 157
n01443537_20680,500,375,n01443537 169 107 418 260 n01443537 1 111 237 304
n01443537_8475,500,333,n01443537 257 155 422 272
n01443537_2333,1024,768,n01443537 243 1 891 704
n01443537_3974,453,242,n01443537 0 0 327 241
n01443537_13659,500,262,n01443537 41 15 173 104 n01443537 180 19 499 165
n01443537_1124,240,193,n01443537 15 7 226 186
n01443537_3223,500,375,n01443537 5 255 244 374 n01443537 164 294 409 374
n01443537_10149,333,500,n01443537 98 241 180 287 n01443537 103 103 145 183
n01443537_7228,500,375,n01443537 64 271 203 372
n01443537_20685,500,375,n01443537 19 126 234 184 n01443537 265 3 419 56
n01443537_13038,500,333,n01443537 0 109 338 295
n01443537_14436,500,375,n01443537 0 27 285 255
n01443537_1135,307,230,n01443537 2 6 306 229
n01443537_11932,500,375,n01443537 78 69 473 339
n01443537_2894,80,231,n01443537 3 138 72 200
n01443537_7095,500,401,n01443537 0 89 381 399
n01443537_9977,500,375,n01443537 138 119 363 240
n01443537_1079,384,188,n01443537 239 41 356 155 n01443537 20 47 139 159
n01443537_168,250,144,n01443537 7 7 243 129
n01443537_1743,250,157,n01443537 14 30 244 147
n01443537_9841,500,395,n01443537 4 0 496 393
n01443537_2782,144,144,n01443537 29 3 130 119
n01443537_13830,500,331,n01443537 94 55 370 297
n01443537_9347,500,386,n01443537 86 7 427 357
n01443537_8841,375,500,n01443537 126 110 233 218 n01443537 161 207 246 300 n01443537 78 301 172 362
n01443537_12814,500,375,n01443537 299 227 378 252 n01443537 2 224 101 303 n01443537 199 279 270 320 n01443537 396 52 425 111
n01443537_15608,500,293,n01443537 14 28 473 292
n01443537_19008,500,375,n01443537 0 116 300 324 n01443537 1 11 135 150
n01443537_13755,500,375,n01443537 88 106 403 315
n01443537_4120,390,600,n01443537 264 417 388 558 n01443537 247 342 336 502 n01443537 30 256 157 381
n01443537_1987,130,82,n01443537 2 5 127 78
n01443537_14393,500,375,n01443537 68 0 478 339
n01443537_2684,400,300,n01443537 41 48 333 288
n01443537_18146,500,375,n01443537 45 104 410 302 n01443537 155 27 276 85 n01443537 460 133 498 172 n01443537 121 314 241 367 n01443537 330 0 491 68
n01443537_13343,500,375,n01443537 2 92 342 313
n01443537_4520,500,402,n01443537 17 34 498 397
n01443537_16856,500,306,n01443537 51 48 294 297 n01443537 348 48 467 185
n01443537_15686,500,334,n01443537 143 15 458 228
n01443537_21971,500,375,n01443537 164 221 310 305 n01443537 326 172 416 208 n01443537 91 245 133 298 n01443537 267 2 296 42
n01443537_4998,500,333,n01443537 312 6 366 167 n01443537 154 40 338 269
n01443537_1655,500,375,n01443537 17 119 499 274
n01443537_445,160,160,n01443537 23 3 158 150
n01443537_3752,320,213,n01443537 91 23 288 197
n01443537_11773,334,500,n01443537 80 216 130 276
n01443537_22538,500,375,n01443537 122 170 154 180 n01443537 340 124 365 159 n01443537 233 155 273 168 n01443537 200 124 235 134 n01443537 153 134 185 152 n01443537 397 290 432 311 n01443537 61 177 90 195 n01443537 304 231 338 240 n01443537 354 187 367 222 n01443537 248 209 275 228
n01443537_13806,500,333,n01443537 254 117 471 292 n01443537 70 174 230 304
n01443537_8248,334,500,n01443537 0 80 283 403
n01443537_12079,500,375,n01443537 95 65 499 292
n01443537_22563,500,345,n01443537 161 83 389 216
n01443537_2456,400,266,n01443537 0 0 346 265
n01443537_1359,400,287,n01443537 18 58 351 259
n01443537_8989,500,332,n01443537 51 47 431 224
n01443537_10470,500,334,n01443537 87 35 354 333
n01443537_12984,500,400,n01443537 89 142 304 302
n01443537_15891,500,335,n01443537 1 28 331 267 n01443537 87 32 397 112
n01443537_275,100,75,n01443537 19 17 85 51
n01443537_8330,500,375,n01443537 123 85 377 246 n01443537 0 47 84 164
n01443537_875,200,233,n01443537 4 4 196 210
n01443537_9703,500,375,n01443537 168 91 310 196 n01443537 139 75 295 114
n01443537_2848,400,279,n01443537 247 127 381 220 n01443537 209 186 224 204
n01443537_16944,346,500,n01443537 124 85 258 251
n01443537_7582,500,349,n01443537 51 121 480 326
n01443537_6548,500,412,n01443537 2 1 497 281
n01443537_21724,500,375,n01443537 87 0 415 299
n01443537_24148,500,375,n01443537 3 229 151 304 n01443537 232 269 436 369 n01443537 205 138 284 182 n01443537 117 154 195 221 n01443537 253 189 359 222
n01443537_10788,500,375,n01443537 338 195 468 302 n01443537 313 259 392 338 n01443537 476 251 498 285
n01443537_3950,460,419,n01443537 16 146 215 287
n01443537_1772,450,306,n01443537 6 52 387 291
n01443537_2084,376,292,n01443537 8 60 374 240
n01443537_21801,500,356,n01443537 60 64 498 254
n01443537_3625,264,194,n01443537 116 67 229 153
n01443537_3814,395,263,n01443537 21 0 362 212
n01443537_20842,500,375,n01443537 67 160 308 229
n01443537_21060,500,375,n01443537 110 0 418 318
n01443537_24495,500,375,n01443537 265 185 499 336
n01443537_9364,500,333,n01443537 175 136 386 310
n01443537_22976,500,375,n01443537 90 62 499 374
n01443537_18508,375,500,n01443537 50 451 106 495
n01443537_16849,500,332,n01443537 151 75 342 330
n01443537_1860,960,451,n01443537 29 30 944 446
n01443537_1659,400,400,n01443537 0 0 379 389
n01443537_14043,500,334,n01443537 101 3 358 331
n01443537_17999,500,375,n01443537 30 56 499 347
n01443537_783,500,402,n01443537 3 5 405 171 n01443537 301 57 474 346
n01443537_11292,500,333,n01443537 1 0 313 194
n01443537_21611,500,375,n01443537 166 183 411 347 n01443537 428 255 497 326 n01443537 0 215 101 306 n01443537 381 14 430 74 n01443537 398 150 471 194 n01443537 374 75 428 114 n01443537 70 271 135 289 n01443537 309 76 346 114
n01443537_2290,200,159,n01443537 7 5 196 149
n01443537_888,640,480,n01443537 246 228 386 324
n01443537_12900,500,375,n01443537 123 39 498 374
n01443537_14020,500,375,n01443537 48 8 312 213
n01443537_2111,428,258,n01443537 8 24 418 249
n01443537_428,175,109,n01443537 18 11 163 99
n01443537_18549,500,375,n01443537 208 42 327 99
n01443537_9529,500,375,n01443537 88 49 499 368
n01443537_16612,333,500,n01443537 0 186 331 498
n01443537_8540,500,375,n01443537 36 23 262 197
n01443537_13298,500,335,n01443537 71 58 360 249
n01443537_2568,640,462,n01443537 30 15 608 433
n01443537_1824,400,267,n01443537 43 22 304 228 n01443537 140 143 363 255
n01443537_2772,3008,2000,n01443537 855 5 2062 1320
n01443537_4218,425,283,n01443537 14 19 392 272
n01443537_1769,799,600,n01443537 162 21 690 418
n01443537_22644,500,405,n01443537 120 33 489 371
n01443537_7260,500,375,n01443537 233 95 458 230
n01443537_3722,120,102,n01443537 12 12 110 95
n01443537_1832,360,500,n01443537 28 215 353 348
n01443537_13733,500,375,n01443537 130 94 287 293
n01443537_6197,500,375,n01443537 14 0 499 374
n01443537_20383,500,375,n01443537 92 67 499 328
n01443537_2397,142,88,n01443537 2 14 138 74
n01443537_6644,500,375,n01443537 208 100 413 231
n01443537_9799,500,333,n01443537 217 81 499 332
n01443537_1903,250,148,n01443537 17 3 236 146
n01443537_2191,300,225,n01443537 12 20 242 217
n01443537_515,500,333,n01443537 126 32 385 260
n01443537_12715,500,375,n01443537 32 0 348 304
n01443537_9712,500,375,n01443537 137 83 419 312
n01443537_1478,100,75,n01443537 7 10 85 64
n01443537_2766,768,459,n01443537 33 21 728 423
n01443537_19304,500,375,n01443537 136 227 279 291 n01443537 260 149 305 183 n01443537 444 25 473 104 n01443537 34 146 72 180 n01443537 276 197 373 275 n01443537 169 12 204 28
n01443537_3161,120,120,n01443537 0 25 102 112
n01443537_12838,500,333,n01443537 54 14 284 215
n01443537_10782,375,500,n01443537 1 267 185 412 n01443537 0 200 350 380
n01443537_7803,500,375,n01443537 257 143 372 262
n01443537_23289,500,375,n01443537 40 176 227 215
n01443537_3548,342,400,n01443537 28 63 320 371
n01443537_10171,500,255,n01443537 185 152 332 229
n01443537_550,500,390,n01443537 54 113 486 320
n01443537_14835,500,375,n01443537 6 102 485 373
n01443537_10547,500,333,n01443537 64 37 432 332
n01443537_2297,400,300,n01443537 50 74 380 280
n01443537_12356,500,375,n01443537 131 46 456 276
n01443537_10763,500,333,n01443537 165 69 411 311 n01443537 0 163 119 327
n01443537_16939,500,333,n01443537 0 0 386 284
n01443537_3598,600,224,n01443537 16 0 585 221
n01443537_1549,390,287,n01443537 123 12 321 279
n01443537_4572,500,375,n01443537 107 97 346 374
n01443537_1453,500,333,n01443537 5 1 352 289
n01443537_12860,500,333,n01443537 79 85 348 313 n01443537 322 59 470 183 n01443537 117 0 333 88
n01443537_5396,500,375,n01443537 249 93 499 370 n01443537 133 14 310 370
n01443537_4079,140,100,n01443537 9 17 132 77
n01443537_16756,500,375,n01443537 0 47 470 194
n01443537_2665,390,312,n01443537 2 11 389 305
n01443537_8319,500,375,n01443537 119 81 355 374
n01443537_12040,500,333,n01443537 136 62 415 276
n01443537_605,640,480,n01443537 111 104 603 387
n01443537_12408,500,375,n01443537 18 7 333 326
n01443537_4173,448,298,n01443537 189 172 270 293 n01443537 76 183 137 289 n01443537 311 201 359 297
n01443537_2554,600,450,n01443537 273 0 598 173 n01443537 96 0 498 353
n01443537_16806,500,460,n01443537 43 67 478 410
n01443537_16282,500,375,n01443537 73 61 402 374
n01443537_19840,500,375,n01443537 32 84 477 316
n01443537_5219,500,375,n01443537 74 60 450 324
n01443537_766,768,522,n01443537 10 67 761 438
n01443537_4035,500,377,n01443537 55 141 435 311
n01443537_4240,500,375,n01443537 73 18 385 304
n01443537_9621,500,281,n01443537 1 0 443 280
n01443537_19678,500,375,n01443537 46 135 369 287 n01443537 83 80 353 201
n01443537_317,122,91,n01443537 11 3 121 87
n01443537_755,250,340,n01443537 76 39 249 290
n01443537_443,330,330,n01443537 19 62 313 279
n01443537_1298,522,704,n01443537 107 104 393 582
n01443537_296,100,67,n01443537 20 2 92 60
n01443537_24437,500,334,n01443537 78 0 499 333
n01443537_477,100,80,n01443537 1 4 99 79
n01443537_3476,402,406,n01443537 32 44 377 379
n01443537_16322,500,332,n01443537 14 153 356 230 n01443537 275 136 486 179
n01443537_247,724,483,n01443537 130 33 601 404
n01443537_24223,500,375,n01443537 357 38 428 93
n01443537_17008,500,375,n01443537 118 118 304 218
n01443537_792,320,240,n01443537 31 23 319 239
n01443537_4273,400,261,n01443537 34 60 354 176
n01443537_22108,500,375,n01443537 77 105 224 210
n01443537_7298,500,332,n01443537 138 93 499 331
n01443537_16234,357,500,n01443537 132 28 330 345 n01443537 50 18 190 490
n01443537_3883,320,240,n01443537 16 27 319 239 n01443537 37 166 233 239
n01443537_16613,500,374,n01443537 0 0 471 373
n01443537_22742,500,375,n01443537 23 122 301 284
n01443537_17586,500,375,n01443537 3 86 377 257
n01443537_19514,500,375,n01443537 139 1 498 323
n01443537_10086,500,335,n01443537 2 1 498 330
n01443537_23550,500,375,n01443537 202 0 491 232
n01443537_12130,500,333,n01443537 79 12 404 332
n01443537_15549,500,365,n01443537 311 174 441 330 n01443537 53 134 324 310 n01443537 157 21 413 200
n01443537_2906,640,480,n01443537 0 52 593 415
n01443537_1062,640,426,n01443537 94 82 484 338
n01443537_21388,500,375,n01443537 361 182 447 229 n01443537 45 236 112 291 n01443537 413 69 473 102 n01443537 121 34 159 73 n01443537 326 85 375 131
n01443537_3166,800,515,n01443537 171 105 590 328
n01443537_2939,130,86,n01443537 17 16 101 67
n01443537_481,470,517,n01443537 27 187 356 325 n01443537 81 317 442 487
n01443537_2637,298,200,n01443537 50 51 231 175
n01443537_11078,500,375,n01443537 95 24 464 374
n01443537_9743,500,375,n01443537 0 5 401 374
n01443537_2514,500,305,n01443537 327 75 474 275 n01443537 16 71 342 304
n01443537_5697,500,358,n01443537 17 2 411 297
n01443537_5133,500,333,n01443537 133 1 293 213
n01443537_6949,500,335,n01443537 23 96 414 253
n01443537_10176,500,333,n01443537 220 126 340 195
n01443537_23868,500,332,n01443537 333 180 397 274 n01443537 1 60 104 123 n01443537 53 95 333 274 n01443537 84 60 204 124 n01443537 308 6 427 106
n01443537_4232,500,375,n01443537 54 34 409 345
n01443537_16853,392,500,n01443537 40 2 361 427
n01443537_381,132,70,n01443537 7 0 131 69
n01443537_20556,500,375,n01443537 111 131 371 202
n01443537_8401,500,281,n01443537 9 36 382 280
n01443537_590,140,140,n01443537 0 24 134 110
n01443537_339,250,198,n01443537 4 3 244 196
n01443537_2534,640,433,n01443537 201 129 472 315
n01443537_23671,500,375,n01443537 117 17 360 197
n01443537_472,160,174,n01443537 4 18 159 163
n01443537_21129,500,375,n01443537 234 170 499 374
n01443537_10795,500,333,n01443537 88 0 453 332
n01443537_1029,2816,2112,n01443537 1505 343 2340 924 n01443537 908 808 2224 1478
n01443537_15846,500,375,n01443537 2 71 499 374
n01443537_10500,500,386,n01443537 27 4 484 373
n01443537_12938,500,375,n01443537 0 88 340 218
n01443537_2549,324,261,n01443537 5 9 304 251
n01443537_1313,616,343,n01443537 5 24 614 327
n01443537_24539,500,375,n01443537 138 170 186 262
n01443537_21396,500,375,n01443537 156 203 217 281
n01443537_23353,500,375,n01443537 79 78 282 154
n01443537_15253,500,333,n01443537 1 2 268 314
n01443537_8596,500,334,n01443537 52 30 399 241
n01443537_11582,320,240,n01443537 0 0 279 148
n01443537_11207,500,383,n01443537 112 183 453 375 n01443537 21 48 483 257
n01443537_10779,500,255,n01443537 118 0 425 254
n01443537_2486,381,400,n01443537 93 91 339 239
n01443537_522,500,365,n01443537 91 82 436 355
n01443537_2312,400,300,n01443537 26 2 347 281
n01443537_3726,320,240,n01443537 38 61 188 149 n01443537 194 40 226 69
n01443537_6520,500,357,n01443537 49 95 499 328
n01443537_6967,500,334,n01443537 128 15 392 332
n01443537_7346,500,333,n01443537 216 128 342 246
n01443537_21407,500,375,n01443537 2 23 252 275
n01443537_17565,500,375,n01443537 159 155 196 174 n01443537 168 209 206 230 n01443537 254 194 268 230 n01443537 270 245 297 265 n01443537 334 221 371 240 n01443537 403 262 444 285 n01443537 89 140 124 160 n01443537 300 228 322 258 n01443537 375 348 397 374 n01443537 188 342 217 374
n01443537_3108,768,511,n01443537 173 120 488 296
n01443537_3837,80,80,n01443537 7 2 79 78
n01443537_12433,500,335,n01443537 97 32 267 218 n01443537 231 1 499 265
n01443537_6397,500,434,n01443537 1 0 430 372
n01443537_13200,500,270,n01443537 1 110 299 269
n01443537_330,426,318,n01443537 48 13 424 245
n01443537_11251,500,350,n01443537 0 42 406 336
n01443537_1452,500,342,n01443537 0 31 410 281
n01443537_3770,640,480,n01443537 0 32 470 418
n01443537_815,400,277,n01443537 39 52 327 262
n01443537_597,300,225,n01443537 61 20 275 135
n01443537_21879,500,375,n01443537 69 180 237 374
n01443537_3651,450,334,n01443537 8 46 332 247
n01443537_17665,332,500,n01443537 1 134 206 450
n01443537_3675,283,182,n01443537 11 24 275 165
n01443537_22279,500,265,n01443537 93 64 405 211
n01443537_5607,500,333,n01443537 73 22 452 325
n01443537_2763,400,300,n01443537 61 0 399 277
n01443537_2552,180,129,n01443537 1 6 142 128
n01443537_10213,500,332,n01443537 0 49 316 246 n01443537 30 220 165 279
n01443537_17266,500,375,n01443537 134 0 441 308
n01443537_13577,500,335,n01443537 267 138 335 226 n01443537 210 125 265 226
n01443537_13166,500,375,n01443537 112 1 499 345
n01443537_11715,500,375,n01443537 134 28 499 374
n01443537_12571,500,375,n01443537 0 87 457 317
n01443537_7795,500,375,n01443537 86 54 335 290
n01443537_13771,500,375,n01443537 159 206 363 277 n01443537 286 194 420 281 n01443537 121 173 270 275 n01443537 185 200 306 257
n01443537_3032,425,283,n01443537 8 0 400 282
n01443537_13650,500,333,n01443537 79 57 343 232 n01443537 459 238 499 295
n01443537_15164,500,335,n01443537 4 3 370 334
n01443537_2817,400,300,n01443537 61 91 383 281
n01443537_1970,886,705,n01443537 31 33 864 655
n01443537_15166,500,333,n01443537 85 144 223 239 n01443537 318 121 476 227
n01443537_3817,460,500,n01443537 148 192 332 283
n01443537_13121,500,375,n01443537 150 2 469 342
n01443537_12932,500,333,n01443537 150 9 335 206
n01443537_19320,500,375,n01443537 206 244 365 374
n01443537_12593,500,333,n01443537 159 139 342 241
n01443537_5173,500,333,n01443537 180 81 388 198
n01443537_496,500,432,n01443537 0 68 471 423
n01443537_847,400,300,n01443537 146 66 182 184
n01443537_17680,500,380,n01443537 255 0 365 101 n01443537 30 89 83 247 n01443537 0 292 137 348 n01443537 378 297 482 379 n01443537 179 181 232 321
n01443537_24209,500,375,n01443537 31 192 258 373
n01443537_15790,500,333,n01443537 0 0 492 315
n01443537_2068,127,101,n01443537 9 15 110 87
n01443537_15344,500,375,n01443537 1 0 440 331
n01443537_13517,500,379,n01443537 25 10 499 375
n01443537_4400,196,137,n01443537 14 26 185 132
n01443537_1746,300,225,n01443537 33 18 269 213
n01443537_16351,500,333,n01443537 204 72 479 310
n01443537_894,176,100,n01443537 26 12 156 89
n01443537_16422,500,375,n01443537 179 0 499 201
n01443537_10482,500,375,n01443537 154 52 493 219
n01443537_7627,500,375,n01443537 19 92 288 301
n01443537_163,80,80,n01443537 1 11 75 79
n01443537_6428,500,333,n01443537 1 14 364 286
n01443537_14789,500,375,n01443537 237 200 499 374
n01443537_2188,95,95,n01443537 9 14 94 69
n01443537_24387,500,375,n01443537 259 78 387 143 n01443537 134 57 284 218
n01443537_951,418,500,n01443537 77 36 372 498
n01443537_750,400,600,n01443537 126 312 351 562
n01443537_10078,500,375,n01443537 0 62 311 293
n01443537_13475,500,374,n01443537 0 127 268 307 n01443537 340 142 436 288
n01443537_7868,500,375,n01443537 156 49 499 338
n01443537_15607,500,333,n01443537 77 0 335 168 n01443537 57 67 180 254
n01443537_22695,500,375,n01443537 185 4 499 169
n01443537_3344,1024,768,n01443537 0 130 697 495
n01443537_1753,400,300,n01443537 116 140 363 252
n01443537_318,303,400,n01443537 167 216 290 392 n01443537 44 72 201 181
n01443537_2778,400,308,n01443537 19 34 377 305
n01443537_14819,350,272,n01443537 11 14 337 261
n01443537_9740,500,375,n01443537 99 20 496 359
n01443537_14541,500,375,n01443537 144 0 414 365
n01443537_8127,500,332,n01443537 77 35 349 254
n01443537_8719,500,376,n01443537 59 173 332 309
n01443537_23440,500,375,n01443537 38 10 259 258
n01443537_3416,500,375,n01443537 27 5 466 257
n01443537_13218,500,334,n01443537 113 69 480 333
n01443537_12974,500,358,n01443537 169 111 321 204 n01443537 55 23 196 115
n01443537_22807,500,375,n01443537 307 149 428 230
n01443537_5783,500,375,n01443537 119 110 428 247
n01443537_24801,333,500,n01443537 110 214 235 330
n01443537_4203,167,107,n01443537 24 49 166 98 n01443537 11 11 165 62
n01443537_9946,500,335,n01443537 100 107 270 301
n01443537_13947,500,333,n01443537 153 0 499 331
n01443537_12585,500,375,n01443537 179 7 359 244
n01443537_15961,500,334,n01443537 98 0 283 125 n01443537 264 0 498 145 n01443537 374 222 499 332 n01443537 281 111 493 226
n01443537_1220,350,311,n01443537 99 82 312 184
n01443537_2117,500,295,n01443537 1 0 454 284
n01443537_1034,256,119,n01443537 5 10 248 96
n01443537_13120,500,375,n01443537 1 112 469 251
n01443537_130,768,417,n01443537 19 21 747 388
n01443537_17309,500,375,n01443537 285 88 306 135 n01443537 377 168 415 215 n01443537 252 241 397 309 n01443537 4 70 77 91 n01443537 95 0 138 33 n01443537 374 43 442 83 n01443537 128 95 163 127
n01443537_16595,500,375,n01443537 172 135 421 224
n01443537_18165,500,375,n01443537 120 131 299 320 n01443537 251 159 441 374 n01443537 427 311 499 374
n01443537_10569,500,333,n01443537 158 33 487 304
n01443537_1301,500,375,n01443537 27 36 482 289
n01443537_1330,400,300,n01443537 57 54 310 255
n01443537_9204,500,334,n01443537 120 42 426 296
n01443537_16382,500,349,n01443537 129 24 345 326
n01443537_17296,500,333,n01443537 104 68 318 172
n01443537_4702,144,144,n01443537 16 0 116 119
n01443537_1403,500,332,n01443537 58 10 347 296
n01443537_3363,80,111,n01443537 11 44 73 76
n01443537_15991,500,341,n01443537 68 109 285 282
n01443537_2813,241,180,n01443537 0 0 200 145
n01443537_21067,500,375,n01443537 112 278 191 374
n01443537_1103,467,459,n01443537 0 1 401 426 n01443537 140 381 320 457 n01443537 232 0 465 457
n01443537_801,1023,685,n01443537 358 106 675 389 n01443537 556 282 909 508
n01443537_17374,500,339,n01443537 0 2 469 315
n01443537_9534,500,375,n01443537 20 92 392 293
n01443537_962,1600,1200,n01443537 189 147 1515 1101
n01443537_3194,400,346,n01443537 0 6 394 339
n01443537_19245,500,333,n01443537 0 1 343 332
n01443537_10791,500,334,n01443537 269 28 498 302
n01443537_10446,500,225,n01443537 109 28 477 147
n01443537_10268,500,375,n01443537 3 0 291 257
n01443537_9048,320,240,n01443537 36 97 222 239 n01443537 197 91 315 220
n01443537_3907,349,400,n01443537 163 121 321 259
n01443537_3767,366,471,n01443537 107 166 306 339
n01443537_2419,450,338,n01443537 4 15 449 332
n01443537_7922,412,500,n01443537 77 5 329 405
n01443537_2911,600,445,n01443537 44 153 217 348
n01443537_19267,375,500,n01443537 0 243 236 447 n01443537 110 125 310 477
n01443537_3083,132,70,n01443537 4 0 127 69
n01443537_9603,500,375,n01443537 69 244 199 339 n01443537 303 106 399 173 n01443537 157 75 226 156 n01443537 470 57 499 88
n01443537_2394,438,469,n01443537 10 17 426 460
n01443537_13513,500,375,n01443537 203 50 428 151 n01443537 179 52 275 230 n01443537 160 206 426 345
n01443537_2719,500,480,n01443537 51 19 394 448
n01443537_24424,500,375,n01443537 143 12 378 287
n01443537_3921,350,350,n01443537 88 81 257 252 n01443537 7 2 70 125
n01443537_18376,500,375,n01443537 54 80 247 209
n01443537_5808,500,500,n01443537 11 61 498 498
n01443537_1764,400,368,n01443537 0 0 384 367
n01443537_2535,320,321,n01443537 43 57 319 264
n01443537_570,182,150,n01443537 2 0 181 149
n01443537_4327,800,600,n01443537 237 0 574 585
n01443537_8169,500,343,n01443537 206 153 331 211 n01443537 129 30 166 96
n01443537_3926,600,450,n01443537 186 12 544 363
n01443537_1219,266,400,n01443537 72 117 108 160
n01443537_19364,500,375,n01443537 101 33 178 59 n01443537 314 286 360 332 n01443537 239 68 332 99 n01443537 40 300 77 374 n01443537 377 37 416 102 n01443537 149 124 219 167
n01443537_12500,500,375,n01443537 138 122 450 270
n01443537_2186,296,294,n01443537 7 39 279 233
n01443537_3693,400,282,n01443537 13 34 383 237
n01443537_18113,500,375,n01443537 298 110 384 158 n01443537 369 350 489 374 n01443537 0 180 67 246 n01443537 144 167 233 220 n01443537 406 322 499 359 n01443537 314 119 428 170 n01443537 254 209 334 265
n01443537_14827,500,333,n01443537 84 116 422 285
n01443537_13924,500,334,n01443537 5 172 200 333 n01443537 169 78 461 331
n01443537_8938,333,500,n01443537 131 182 235 322 n01443537 191 68 331 138 n01443537 67 262 212 428
n01443537_3645,230,212,n01443537 31 0 218 91 n01443537 22 87 226 211
n01443537_17105,384,247,n01443537 102 102 328 246
n01443537_18998,375,500,n01443537 40 52 340 462
n01443537_11213,500,375,n01443537 101 48 373 279
n01443537_1472,818,400,n01443537 1 4 720 390
n01443537_7126,375,500,n01443537 180 136 373 388
n01443537_16576,500,333,n01443537 0 0 395 331
n01443537_12661,500,333,n01443537 86 121 338 236
n01443537_13623,500,294,n01443537 250 3 467 278 n01443537 21 46 325 231
n01443537_6827,500,375,n01443537 130 58 435 262
n01443537_16518,500,375,n01443537 85 0 473 332
n01443537_2563,1264,830,n01443537 265 110 1232 649
n01443537_6272,500,225,n01443537 17 32 438 204
n01443537_15450,500,333,n01443537 74 0 499 332
n01443537_883,250,169,n01443537 53 0 212 168
n01443537_4595,320,240,n01443537 11 0 310 239
n01443537_2199,100,57,n01443537 5 12 83 45
n01443537_2249,432,288,n01443537 51 43 389 256
n01443537_1610,446,396,n01443537 35 0 445 347
n01443537_1167,500,375,n01443537 132 55 450 292
n01443537_12138,500,374,n01443537 15 0 461 275
n01443537_2,600,324,n01443537 20 56 590 305
n01443537_7852,500,333,n01443537 39 152 331 276 n01443537 95 100 299 192
n01443537_16403,500,375,n01443537 170 53 392 285 n01443537 81 85 258 328
n01443537_11165,500,333,n01443537 21 15 367 331
n01443537_354,310,275,n01443537 3 15 304 245
n01443537_18592,500,375,n01443537 201 88 499 304
n01443537_2819,800,541,n01443537 75 51 768 486
n01443537_21959,337,500,n01443537 3 85 300 378
n01443537_3911,471,452,n01443537 5 22 463 448
n01443537_3042,380,299,n01443537 10 37 294 275
n01443537_10712,500,333,n01443537 23 5 307 294
n01443537_2945,400,267,n01443537 32 76 272 248
n01443537_860,176,110,n01443537 13 9 161 99
n01443537_4987,760,578,n01443537 69 112 699 533
n01443537_17187,500,400,n01443537 44 82 445 324
n01443537_20585,500,375,n01443537 107 41 452 316
n01443537_3498,380,253,n01443537 38 24 319 193
n01443537_14753,500,429,n01443537 33 7 483 422
n01443537_16942,345,500,n01443537 26 36 316 481
n01443537_4633,900,600,n01443537 112 79 876 477
n01443537_4784,335,500,n01443537 55 302 180 445 n01443537 57 66 220 258
n01443537_811,100,101,n01443537 3 1 96 93
n01443537_1853,216,179,n01443537 33 20 215 170
n01443537_17967,500,375,n01443537 73 148 309 241
n01443537_21338,500,375,n01443537 267 6 495 268
n01443537_9945,500,375,n01443537 40 57 499 374
n01443537_855,336,296,n01443537 3 0 326 295
n01443537_11709,500,375,n01443537 214 0 369 275 n01443537 0 0 21 69
n01443537_14854,500,375,n01443537 154 101 388 311
n01443537_21111,500,333,n01443537 89 75 385 302
n01443537_3951,627,470,n01443537 38 27 588 406
n01443537_3387,500,435,n01443537 70 30 457 336
n01443537_1594,290,115,n01443537 1 2 276 114
n01443537_10242,500,375,n01443537 122 158 295 253 n01443537 110 40 271 136 n01443537 247 245 334 340 n01443537 398 92 485 135
n01443537_2973,200,141,n01443537 12 16 181 138
n01443537_14803,500,375,n01443537 0 10 445 374
n01443537_16813,500,375,n01443537 251 75 397 149
n01443537_4060,240,167,n01443537 97 77 230 153 n01443537 14 6 205 86
n01443537_3364,434,457,n01443537 14 0 379 445
n01443537_13159,457,343,n01443537 260 76 404 241
n01443537_12723,500,375,n01443537 311 102 361 172 n01443537 81 236 159 273 n01443537 420 324 465 374 n01443537 80 31 133 71 n01443537 257 200 315 282
n01443537_2238,612,612,n01443537 198 289 325 394
n01443537_3331,550,366,n01443537 53 61 460 365
n01443537_6800,500,375,n01443537 32 11 467 366
n01443537_24803,500,430,n01443537 62 39 410 405
n01443537_13668,500,432,n01443537 63 53 448 374
n01443537_2228,984,656,n01443537 141 95 982 618
n01443537_4554,429,249,n01443537 19 35 403 230
n01443537_17038,500,375,n01443537 265 141 396 202 n01443537 188 170 260 273 n01443537 304 115 421 177
n01443537_4803,100,80,n01443537 1 6 96 77
n01443537_483,375,253,n01443537 37 58 319 233
n01443537_9500,500,400,n01443537 19 73 467 248
n01443537_16,342,273,n01443537 27 35 312 247
n01443537_21198,500,375,n01443537 114 131 499 310
n01443537_17183,500,375,n01443537 77 70 499 374
n01443537_395,150,100,n01443537 9 7 141 95
n01443537_20078,500,348,n01443537 34 32 469 322
n01443537_374,190,228,n01443537 36 11 189 182
n01443537_693,640,438,n01443537 106 6 638 371
n01443537_13348,500,374,n01443537 17 76 329 236 n01443537 102 157 495 325
n01443537_19026,500,375,n01443537 80 64 233 288 n01443537 155 76 284 216 n01443537 248 0 411 284
n01443537_11084,500,286,n01443537 7 31 465 277
n01443537_21982,500,375,n01443537 206 68 499 283
n01443537_23046,500,375,n01443537 15 140 89 259
n01443537_13422,420,500,n01443537 11 82 331 392
n01443537_3036,90,119,n01443537 10 36 76 90
n01443537_8108,500,456,n01443537 31 67 469 452
n01443537_2625,522,347,n01443537 32 46 458 289
n01443537_2920,200,125,n01443537 1 2 193 124
n01443537_22740,500,375,n01443537 205 62 335 149 n01443537 283 295 386 360 n01443537 35 29 136 94
n01443537_16691,500,375,n01443537 70 0 466 371
n01443537_3033,439,364,n01443537 7 4 425 358
n01443537_180,886,688,n01443537 46 10 498 589 n01443537 454 96 803 646
n01443537_18065,500,375,n01443537 251 272 294 302 n01443537 451 324 489 364 n01443537 304 263 351 282 n01443537 190 229 225 251 n01443537 337 327 361 374 n01443537 122 233 168 259 n01443537 214 360 259 374 n01443537 285 93 298 108
n01443537_2266,288,200,n01443537 2 23 285 182
n01443537_2139,640,480,n01443537 63 0 631 468
n01443537_551,170,127,n01443537 22 39 145 87
n01443537_1640,152,135,n01443537 20 32 148 123
n01443537_1415,426,287,n01443537 1 11 400 271
n01443537_12965,500,397,n01443537 93 63 389 317
n01443537_12829,500,375,n01443537 0 0 323 279 n01443537 196 0 410 374
n01443537_23095,500,375,n01443537 208 128 348 205 n01443537 32 141 201 210
n01443537_608,435,271,n01443537 224 96 388 232 n01443537 84 44 261 180
n01443537_11052,500,375,n01443537 277 89 419 363
n01443537_4958,500,278,n01443537 18 35 487 271
n01443537_2942,645,279,n01443537 9 12 636 266
n01443537_22992,500,375,n01443537 0 214 212 361 n01443537 82 56 239 238 n01443537 151 143 321 315 n01443537 183 38 318 113 n01443537 55 64 96 153
n01443537_24156,500,375,n01443537 159 14 367 248 n01443537 3 52 154 172 n01443537 332 159 485 274
n01443537_20722,448,299,n01443537 52 35 436 238
n01443537_1170,290,250,n01443537 12 27 280 227
n01443537_9475,500,323,n01443537 29 102 292 265
n01443537_1238,282,320,n01443537 7 36 143 150 n01443537 103 150 277 272
n01443537_6592,500,334,n01443537 207 78 498 333
n01443537_957,842,581,n01443537 15 7 840 524
n01443537_16652,500,375,n01443537 208 154 470 321 n01443537 194 75 307 186
n01443537_16923,500,375,n01443537 393 39 499 98
n01443537_18601,500,375,n01443537 132 104 249 175 n01443537 69 280 145 374 n01443537 230 171 487 295 n01443537 292 59 400 157 n01443537 49 118 133 172 n01443537 0 93 62 155 n01443537 416 46 499 134
n01443537_23686,500,375,n01443537 31 54 431 335
n01443537_529,150,150,n01443537 32 53 91 106 n01443537 8 48 33 100
n01443537_13028,500,347,n01443537 139 123 341 301
n01443537_3616,151,120,n01443537 16 17 140 106
n01443537_16057,500,375,n01443537 53 113 485 355
n01443537_16635,500,474,n01443537 28 1 475 460
n01443537_8407,496,341,n01443537 193 67 486 333 n01443537 14 0 365 200
n01443537_5186,500,299,n01443537 27 20 485 277
n01443537_5014,500,339,n01443537 134 108 445 272 n01443537 403 84 499 179
n01443537_21162,500,375,n01443537 204 161 358 213
n01443537_11283,334,500,n01443537 110 173 218 345
n01443537_12749,500,375,n01443537 137 67 456 296
n01443537_1066,768,468,n01443537 89 34 698 312
n01443537_24543,500,375,n01443537 142 15 368 326 n01443537 377 336 499 374
n01443537_1786,448,336,n01443537 1 7 366 335
n01443537_4099,350,263,n01443537 142 116 339 235 n01443537 4 23 172 174
n01443537_10034,500,325,n01443537 1 75 430 281
n01443537_16219,375,500,n01443537 10 150 192 373
n01443537_19810,500,500,n01443537 0 0 482 461
n01443537_11483,500,375,n01443537 116 161 407 292 n01443537 347 4 464 121 n01443537 130 42 310 158
n01443537_11360,500,334,n01443537 256 66 351 231 n01443537 0 97 246 311
n01443537_13658,500,334,n01443537 158 1 394 226
n01443537_23453,500,375,n01443537 138 263 195 286
n01443537_15955,500,333,n01443537 189 30 313 276
n01443537_18974,500,375,n01443537 56 42 260 332
n01443537_3533,199,117,n01443537 10 5 191 116
n01443537_23265,375,500,n01443537 38 136 240 413
n01443537_2449,600,450,n01443537 202 104 449 308 n01443537 13 101 201 273
n01443537_2839,264,158,n01443537 16 4 251 150
n01443537_9748,500,394,n01443537 127 140 361 285
n01443537_319,500,354,n01443537 152 135 368 256
n01443537_11300,500,362,n01443537 188 108 466 304
n01443537_7768,473,500,n01443537 65 31 420 413
n01443537_3575,543,453,n01443537 54 0 541 413
n01443537_2594,400,281,n01443537 26 6 399 279
n01443537_1308,100,80,n01443537 3 12 99 72
n01443537_501,258,176,n01443537 19 19 226 149
n01443537_3999,415,260,n01443537 56 88 221 250
n01443537_2711,380,253,n01443537 31 18 288 234
n01443537_20965,500,267,n01443537 209 97 316 201 n01443537 268 11 499 111 n01443537 56 63 205 121
n01443537_21104,500,333,n01443537 99 67 372 299
n01443537_1508,357,321,n01443537 0 4 348 292
n01443537_1698,150,125,n01443537 63 62 143 120 n01443537 33 9 123 62
n01443537_13386,500,375,n01443537 88 0 499 374
n01443537_15077,500,375,n01443537 0 81 388 290
n01443537_22549,500,375,n01443537 116 182 263 262
n01443537_4862,220,165,n01443537 21 2 176 105
n01443537_7778,500,334,n01443537 5 1 499 333
n01443537_3535,300,300,n01443537 0 46 298 294
n01443537_1196,522,296,n01443537 32 23 435 248
n01443537_4222,351,233,n01443537 16 15 292 209
n01443537_13785,497,500,n01443537 260 158 495 416 n01443537 0 17 277 465 n01443537 262 403 369 497
n01443537_16103,500,375,n01443537 0 153 499 374 n01443537 136 1 378 210
n01443537_3358,175,109,n01443537 8 15 168 94
n01443537_24514,500,333,n01443537 139 1 449 332
n01443537_1955,1440,1384,n01443537 425 591 1367 1155
n01443537_14454,500,375,n01443537 190 109 414 374
n01443537_5453,500,306,n01443537 18 20 196 290
n01443537_11665,500,376,n01443537 137 77 396 307
n01443537_14365,500,333,n01443537 82 0 499 332
n01443537_309,768,417,n01443537 13 14 727 394
n01443537_5996,500,375,n01443537 198 127 371 329 n01443537 1 160 178 303
n01443537_1440,409,277,n01443537 25 0 408 276
n01443537_11349,500,375,n01443537 164 31 263 137 n01443537 273 0 319 65
n01443537_9552,500,375,n01443537 38 29 456 334
n01443537_2125,600,528,n01443537 88 34 510 492
n01443537_518,582,599,n01443537 34 31 552 587
n01443537_12557,500,333,n01443537 0 0 451 324
n01443537_9161,500,331,n01443537 15 30 449 290
n01443537_4756,500,375,n01443537 82 59 419 325
n01443537_21408,375,500,n01443537 286 220 311 277
n01443537_2060,768,507,n01443537 16 41 752 482
n01443537_129,490,322,n01443537 107 15 363 147 n01443537 212 51 379 216
n01443537_3067,500,375,n01443537 92 49 359 181 n01443537 101 191 360 306 n01443537 271 120 368 251
n01443537_7150,500,375,n01443537 206 85 285 241 n01443537 276 109 466 298
n01443537_17661,500,375,n01443537 214 207 316 265
n01443537_17252,482,500,n01443537 12 7 463 258 n01443537 22 221 305 421
n01443537_3395,300,186,n01443537 7 30 291 172
n01443537_24417,500,333,n01443537 113 117 323 175
n01443537_11348,500,332,n01443537 0 0 304 278
n01443537_3965,678,408,n01443537 16 13 626 357
n01443537_1374,681,923,n01443537 2 0 678 890
n01443537_5033,500,429,n01443537 61 62 453 338 n01443537 422 43 498 154
n01443537_12525,500,375,n01443537 93 58 437 285
n01443537_3697,80,80,n01443537 19 10 79 58
n01443537_14850,500,403,n01443537 30 29 475 379
n01443537_1715,800,600,n01443537 0 175 624 588
n01443537_4678,500,375,n01443537 40 50 498 374
n01443537_371,251,200,n01443537 10 8 241 193
n01443537_3903,376,263,n01443537 25 45 302 214
n01443537_1361,300,300,n01443537 18 24 296 289
n01443537_1450,144,144,n01443537 0 34 140 110
n01443537_10014,500,333,n01443537 45 52 462 254
n01443537_23362,500,241,n01443537 250 155 465 234 n01443537 225 90 459 187 n01443537 134 61 273 128 n01443537 25 38 194 106
n01443537_19954,500,375,n01443537 67 38 421 291
n01443537_3856,500,370,n01443537 57 0 486 293
n01443537_21563,500,310,n01443537 171 34 232 186 n01443537 356 94 446 209 n01443537 235 35 340 161 n01443537 58 57 164 217
n01443537_15416,500,319,n01443537 15 79 492 315
n01443537_11513,334,500,n01443537 1 105 318 337 n01443537 291 306 332 432
n01443537_23113,500,375,n01443537 62 78 279 210 n01443537 184 194 300 247 n01443537 331 101 397 228
n01443537_15284,500,375,n01443537 21 33 415 299
n01443537_5154,500,375,n01443537 0 44 158 269 n01443537 189 7 474 169 n01443537 83 118 393 328
n01443537_288,500,375,n01443537 28 73 496 309
n01443537_20349,500,375,n01443537 1 42 166 118 n01443537 171 68 301 221
n01443537_23107,500,375,n01443537 158 110 331 258 n01443537 414 121 499 250
n01443537_21226,500,375,n01443537 96 115 472 373
n01443537_17158,500,333,n01443537 82 42 459 302
n01443537_7475,500,375,n01443537 40 1 379 320
n01443537_22476,500,375,n01443537 94 38 318 200 n01443537 316 0 470 163
n01443537_17254,375,500,n01443537 81 72 246 163
n01443537_1306,400,266,n01443537 51 101 127 148 n01443537 36 24 81 97
n01443537_19470,500,375,n01443537 236 132 368 231 n01443537 145 253 353 369 n01443537 415 299 499 374 n01443537 228 17 343 98 n01443537 408 42 431 130 n01443537 120 46 186 75 n01443537 365 87 499 212 n01443537 343 243 496 307 n01443537 20 4 101 102
n01443537_5935,500,333,n01443537 195 32 380 229
